gr_id,po_id,receipt_date,received_amount,status
GR-00001,PO-00001,2026-02-07,19435.673408329105,received
GR-00002,PO-00002,2026-03-29,9977.375943781737,received
GR-00003,PO-00003,2026-03-24,32905.275949207346,received
GR-00004,PO-00004,2026-02-28,25841.240768546046,received
GR-00005,PO-00006,2026-04-05,32481.089664190975,received
GR-00006,PO-00008,2026-03-24,8596.087441517646,received
GR-00007,PO-00009,2026-02-15,39939.24621452033,received
GR-00008,PO-00011,2026-02-05,24407.989793340927,received
GR-00009,PO-00012,2026-04-01,16776.38627376989,received
GR-00010,PO-00013,2026-04-16,6580.885924521944,received
GR-00011,PO-00015,2026-03-03,36435.20529172499,received
GR-00012,PO-00016,2026-03-07,31232.58184077972,received
GR-00013,PO-00017,2026-02-18,42226.637459173064,received
GR-00014,PO-00018,2026-04-02,10756.515131589576,received
GR-00015,PO-00019,2026-02-15,106155.17469851821,received
GR-00016,PO-00021,2026-02-21,33963.957424861066,received
GR-00017,PO-00022,2026-03-01,43938.973542156105,received
GR-00018,PO-00023,2026-02-03,3984.3028559172426,received
GR-00019,PO-00024,2026-01-22,85682.02373270126,received
GR-00020,PO-00025,2026-04-07,27720.312420612983,received
GR-00021,PO-00026,2026-03-07,8050.566959084318,received
GR-00022,PO-00028,2026-02-01,177420.11254273215,received
GR-00023,PO-00029,2026-02-21,21766.97941940394,received
GR-00024,PO-00030,2026-04-10,9492.723827249936,received
GR-00025,PO-00031,2026-01-23,23674.57755752372,received
GR-00026,PO-00032,2026-03-03,33859.96342814585,received
GR-00027,PO-00033,2026-02-09,16930.91533659848,received
GR-00028,PO-00034,2026-01-31,17253.45776715839,received
GR-00029,PO-00035,2026-01-21,58714.82368656188,received
GR-00030,PO-00036,2026-03-16,47558.61351096332,received
GR-00031,PO-00037,2026-03-12,26305.53291573526,received
GR-00032,PO-00038,2026-03-20,25042.949826196356,received
GR-00033,PO-00039,2026-02-07,28513.788839532575,received
GR-00034,PO-00040,2026-03-07,19747.378148157986,received
GR-00035,PO-00041,2026-03-17,26061.73170984445,received
GR-00036,PO-00042,2026-01-28,29572.857011123637,received
GR-00037,PO-00043,2026-03-14,75597.26478933408,received
GR-00038,PO-00044,2026-04-04,11420.2737637823,received
GR-00039,PO-00045,2026-03-23,50735.590243380255,received
GR-00040,PO-00046,2026-01-30,83642.6769800526,received
GR-00041,PO-00047,2026-01-25,14530.988489714513,received
GR-00042,PO-00048,2026-02-18,29349.261013414114,received
GR-00043,PO-00050,2026-03-16,23815.156268025497,received
GR-00044,PO-00051,2026-02-08,18965.029371833727,received
GR-00045,PO-00052,2026-01-21,12930.596495272419,received
GR-00046,PO-00053,2026-04-02,5618.489135188651,received
GR-00047,PO-00055,2026-02-24,2712.87119399472,received
GR-00048,PO-00057,2026-02-04,50939.4699707369,received
GR-00049,PO-00058,2026-01-16,12414.390919408195,received
GR-00050,PO-00059,2026-03-20,38375.06321572645,received
GR-00051,PO-00060,2026-04-10,43218.0698537653,received
GR-00052,PO-00061,2026-01-26,42891.69619283001,received
GR-00053,PO-00062,2026-04-03,18798.616026003627,received
GR-00054,PO-00063,2026-01-08,33562.6349192825,received
GR-00055,PO-00064,2026-03-27,30001.2384437256,received
GR-00056,PO-00065,2026-03-30,14734.89846640022,received
GR-00057,PO-00066,2026-03-24,18110.47557266046,received
GR-00058,PO-00067,2026-03-07,41333.77566722068,received
GR-00059,PO-00068,2026-01-19,18414.66063767735,received
GR-00060,PO-00069,2026-02-09,35202.043252292075,received
GR-00061,PO-00070,2026-01-31,28571.46627115136,received
GR-00062,PO-00071,2026-02-15,22508.447787767283,received
GR-00063,PO-00072,2026-01-26,27907.838466689005,received
GR-00064,PO-00073,2026-03-05,33873.24331628574,received
GR-00065,PO-00074,2026-02-25,28102.840444043944,received
GR-00066,PO-00075,2026-02-16,29309.609593485835,received
GR-00067,PO-00076,2026-02-15,43005.82530054647,received
GR-00068,PO-00078,2026-04-11,30242.36347310359,received
GR-00069,PO-00079,2026-04-17,22653.91940281541,received
GR-00070,PO-00080,2026-03-22,34504.103182027015,received
GR-00071,PO-00082,2026-04-08,43082.40527013207,received
GR-00072,PO-00085,2026-03-18,69675.73938013052,received
GR-00073,PO-00086,2026-02-19,61850.582595457,received
GR-00074,PO-00087,2026-02-04,15103.431217728834,received
GR-00075,PO-00088,2026-03-20,141276.48874838074,received
GR-00076,PO-00090,2026-03-29,38364.6913076697,received
GR-00077,PO-00091,2026-04-17,87214.18737479053,received
GR-00078,PO-00092,2026-02-06,17056.88251113487,received
GR-00079,PO-00093,2026-02-26,11815.824733365736,received
GR-00080,PO-00094,2026-04-11,20951.872534561582,received
GR-00081,PO-00097,2026-02-28,43582.94620168069,received
GR-00082,PO-00098,2026-02-25,86585.98192654464,received
GR-00083,PO-00099,2026-01-31,15562.162649323514,received
GR-00084,PO-00100,2026-02-07,11007.071687734571,received
GR-00085,PO-00101,2026-02-15,33066.43321511656,received
GR-00086,PO-00102,2026-04-16,25229.896338547824,received
GR-00087,PO-00103,2026-02-18,24616.339199150945,received
GR-00088,PO-00105,2026-01-16,41198.8112700382,received
GR-00089,PO-00106,2026-01-31,41963.737125878906,received
GR-00090,PO-00107,2026-02-23,21677.05164490582,received
GR-00091,PO-00108,2026-02-14,174046.13763751124,received
GR-00092,PO-00109,2026-03-10,11334.606100991503,received
GR-00093,PO-00111,2026-02-20,17570.789245080818,received
GR-00094,PO-00113,2026-04-19,11472.962593693544,received
GR-00095,PO-00114,2026-02-19,53022.87565223898,received
GR-00096,PO-00116,2026-03-22,18607.630710880538,received
GR-00097,PO-00117,2026-01-14,19307.34372167268,received
GR-00098,PO-00118,2026-01-20,34620.746219723456,received
GR-00099,PO-00120,2026-02-01,33288.98932622063,received
GR-00100,PO-00121,2026-01-19,66215.41817567065,received
GR-00101,PO-00124,2026-01-30,34681.5618727087,received
GR-00102,PO-00125,2026-03-10,51058.31600668862,received
GR-00103,PO-00126,2026-03-01,47142.33237579149,received
GR-00104,PO-00127,2026-03-23,29867.883911440458,received
GR-00105,PO-00128,2026-02-16,82769.0769441103,received
GR-00106,PO-00129,2026-03-21,22907.331945445738,received
GR-00107,PO-00130,2026-04-20,23299.64726288775,received
GR-00108,PO-00131,2026-02-28,34991.16209025692,received
GR-00109,PO-00132,2026-03-06,25453.414568125412,received
GR-00110,PO-00133,2026-04-13,13788.889408886393,received
GR-00111,PO-00134,2026-01-15,60137.2597399207,received
GR-00112,PO-00135,2026-02-11,29284.658772727314,received
GR-00113,PO-00137,2026-01-27,64688.11262467011,received
GR-00114,PO-00138,2026-01-20,11853.65664939408,received
GR-00115,PO-00139,2026-01-28,41161.45103547227,received
GR-00116,PO-00140,2026-03-26,20002.7472202531,received
GR-00117,PO-00142,2026-03-20,44783.42650654623,received
GR-00118,PO-00143,2026-02-23,17211.373932024773,received
GR-00119,PO-00144,2026-02-19,14385.960542762334,received
GR-00120,PO-00145,2026-03-09,28939.492968253424,received
GR-00121,PO-00146,2026-03-05,23081.7549129022,received
GR-00122,PO-00147,2026-03-25,19996.9854067729,received
GR-00123,PO-00148,2026-03-10,36840.707014284526,received
GR-00124,PO-00150,2026-03-22,40362.42687558893,received
GR-00125,PO-00151,2026-03-03,43736.06858452373,received
GR-00126,PO-00152,2026-01-10,18133.926876932434,received
GR-00127,PO-00153,2026-03-01,20157.777086670707,received
GR-00128,PO-00154,2026-03-10,35726.27713095309,received
GR-00129,PO-00157,2026-02-13,76988.49461061279,received
GR-00130,PO-00158,2026-02-07,80244.38645574171,received
GR-00131,PO-00159,2026-01-27,9022.643336243169,received
GR-00132,PO-00160,2026-02-01,28888.16572815381,received
GR-00133,PO-00161,2026-01-13,24194.51812498072,received
GR-00134,PO-00162,2026-03-04,14257.586841570544,received
GR-00135,PO-00163,2026-02-06,9361.819464271573,received
GR-00136,PO-00166,2026-02-03,20565.897692610826,received
GR-00137,PO-00167,2026-02-13,31709.002532814302,received
GR-00138,PO-00168,2026-03-27,21986.966697800977,received
GR-00139,PO-00169,2026-04-08,47068.681495395074,received
GR-00140,PO-00170,2026-03-01,60078.85235012761,received
GR-00141,PO-00171,2026-03-01,16471.401167120915,received
GR-00142,PO-00172,2026-03-30,18909.686722915318,received
GR-00143,PO-00173,2026-03-16,67911.05557563272,received
GR-00144,PO-00174,2026-02-13,14905.054579865213,received
GR-00145,PO-00175,2026-03-09,87775.23097652795,received
GR-00146,PO-00177,2026-02-02,21768.978819622665,received
GR-00147,PO-00178,2026-03-21,29230.608740518834,received
GR-00148,PO-00179,2026-03-30,34883.76046074572,received
GR-00149,PO-00180,2026-04-15,11370.306460801517,received
GR-00150,PO-00181,2026-01-21,112123.46332166033,received
GR-00151,PO-00183,2026-02-28,26082.03027494599,received
GR-00152,PO-00185,2026-03-29,110794.40408782291,received
GR-00153,PO-00186,2026-02-08,28556.58482875349,received
GR-00154,PO-00187,2026-02-17,10082.550293322609,received
GR-00155,PO-00188,2026-02-07,38443.914087670586,received
GR-00156,PO-00191,2026-03-05,7903.532940747621,received
GR-00157,PO-00192,2026-03-12,54936.303826986834,received
GR-00158,PO-00193,2026-03-17,56549.79358066743,received
GR-00159,PO-00194,2026-03-25,16905.72074637203,received
GR-00160,PO-00195,2026-02-12,14326.563585823358,received
GR-00161,PO-00196,2026-03-19,16730.029258563944,received
GR-00162,PO-00197,2026-04-01,57642.56259558263,received
GR-00163,PO-00198,2026-03-02,46535.07165951165,received
GR-00164,PO-00199,2026-03-28,19281.692494256768,received
GR-00165,PO-00200,2026-01-21,49422.04982276003,received
GR-00166,PO-00201,2026-04-07,64919.2162744899,received
GR-00167,PO-00202,2026-03-02,21097.095040559383,received
GR-00168,PO-00203,2026-03-10,60203.26689862249,received
GR-00169,PO-00204,2026-02-08,19969.302701745586,received
GR-00170,PO-00205,2026-01-26,20619.021932443287,received
GR-00171,PO-00206,2026-01-24,24397.40686771679,received
GR-00172,PO-00207,2026-03-27,32050.257813870012,received
GR-00173,PO-00209,2026-03-17,12547.146511499443,received
GR-00174,PO-00211,2026-04-16,40514.365236167054,received
GR-00175,PO-00212,2026-04-05,63379.570761592215,received
GR-00176,PO-00213,2026-03-13,74077.5761114253,received
GR-00177,PO-00214,2026-02-24,6545.936757646412,received
GR-00178,PO-00216,2026-03-02,11360.257391472562,received
GR-00179,PO-00218,2026-03-16,17458.807798667112,received
GR-00180,PO-00219,2026-02-04,10586.218452777435,received
GR-00181,PO-00220,2026-03-26,107719.34005430336,received
GR-00182,PO-00221,2026-03-23,9064.549465914135,received
GR-00183,PO-00222,2026-01-26,13396.437870485905,received
GR-00184,PO-00223,2026-01-24,23146.666142080892,received
GR-00185,PO-00224,2026-02-26,27738.29953899648,received
GR-00186,PO-00225,2026-02-17,27167.616774895312,received
GR-00187,PO-00226,2026-02-06,11445.740959385817,received
GR-00188,PO-00227,2026-04-12,31523.170907898457,received
GR-00189,PO-00228,2026-03-17,30859.631787440427,received
GR-00190,PO-00230,2026-02-14,23358.905104870893,received
GR-00191,PO-00232,2026-02-18,9608.04904531212,received
GR-00192,PO-00234,2026-03-25,46919.127504032665,received
GR-00193,PO-00235,2026-02-06,31912.459434103876,received
GR-00194,PO-00237,2026-03-16,50482.93159302891,received
GR-00195,PO-00238,2026-03-11,46325.61649635682,received
GR-00196,PO-00239,2026-02-10,12640.974269540118,received
GR-00197,PO-00241,2026-02-01,30162.455840527844,received
GR-00198,PO-00242,2026-03-12,60199.61032645742,received
GR-00199,PO-00244,2026-04-09,13248.50495164805,received
GR-00200,PO-00246,2026-03-13,34985.5626368257,received
GR-00201,PO-00248,2026-02-28,9272.85208617965,received
GR-00202,PO-00249,2026-02-20,20896.40944168922,received
GR-00203,PO-00250,2026-04-01,55950.54403785685,received
GR-00204,PO-00251,2026-03-09,19752.44928984725,received
GR-00205,PO-00252,2026-01-23,90267.20167528652,received
GR-00206,PO-00254,2026-01-29,62368.30008641305,received
GR-00207,PO-00255,2026-01-27,15977.528763641209,received
GR-00208,PO-00256,2026-02-22,94465.37210262615,received
GR-00209,PO-00257,2026-02-16,45165.5354266737,received
GR-00210,PO-00258,2026-04-08,34182.97361558481,received
GR-00211,PO-00259,2026-04-07,46093.97818717334,received
GR-00212,PO-00261,2026-02-25,70001.7846772655,received
GR-00213,PO-00262,2026-03-21,25525.15790940787,received
GR-00214,PO-00264,2026-04-08,23483.20492289925,received
GR-00215,PO-00265,2026-02-19,32374.363372705306,received
GR-00216,PO-00266,2026-02-06,28637.394261342648,received
GR-00217,PO-00267,2026-03-17,7569.437909583988,received
GR-00218,PO-00268,2026-03-16,58297.19245134162,received
GR-00219,PO-00269,2026-02-26,13888.468894110485,received
GR-00220,PO-00271,2026-01-23,21122.609058178954,received
GR-00221,PO-00273,2026-02-25,6128.908363137848,received
GR-00222,PO-00274,2026-01-20,10401.79684502273,received
GR-00223,PO-00275,2026-04-01,144508.48325290484,received
GR-00224,PO-00276,2026-01-13,68511.51908364361,received
GR-00225,PO-00277,2026-03-04,90701.33012049703,received
GR-00226,PO-00278,2026-02-14,22436.649525139208,received
GR-00227,PO-00279,2026-03-31,64826.604270093834,received
GR-00228,PO-00280,2026-02-15,23531.830430059363,received
GR-00229,PO-00281,2026-02-24,19570.288639270984,received
GR-00230,PO-00282,2026-04-07,7629.059668553015,received
GR-00231,PO-00283,2026-02-22,24861.5867553275,received
GR-00232,PO-00284,2026-02-26,22620.84525600918,received
GR-00233,PO-00285,2026-03-23,5606.3258561807,received
GR-00234,PO-00286,2026-04-01,13462.494842630012,received
GR-00235,PO-00287,2026-02-06,22112.11919565452,received
GR-00236,PO-00288,2026-03-28,11836.266827620604,received
GR-00237,PO-00289,2026-04-08,46108.77367863651,received
GR-00238,PO-00290,2026-02-04,21113.375983691756,received
GR-00239,PO-00291,2026-01-17,34098.513543053305,received
GR-00240,PO-00292,2026-02-16,62681.02500214307,received
GR-00241,PO-00293,2026-01-20,34960.40019413554,received
GR-00242,PO-00294,2026-04-11,10160.957267784524,received
GR-00243,PO-00296,2026-03-26,18230.383194453283,received
GR-00244,PO-00297,2026-02-20,8431.909592350548,received
GR-00245,PO-00299,2026-03-30,36451.48248794878,received
GR-00246,PO-00300,2026-03-15,35545.47210215554,received
GR-00247,PO-00301,2026-02-01,8667.060673102178,received
GR-00248,PO-00303,2026-01-11,53471.78337324449,received
GR-00249,PO-00304,2026-02-24,16542.80880119109,received
GR-00250,PO-00305,2026-01-31,26779.81326484915,received
GR-00251,PO-00306,2026-02-11,28652.616325528972,received
GR-00252,PO-00307,2026-01-26,30361.063413253512,received
GR-00253,PO-00308,2026-02-20,58594.15705102608,received
GR-00254,PO-00309,2026-02-25,29890.932717067364,received
GR-00255,PO-00313,2026-01-30,6696.017384138975,received
GR-00256,PO-00314,2026-04-02,26596.8044420481,received
GR-00257,PO-00315,2026-01-23,28264.660740918993,received
GR-00258,PO-00316,2026-04-01,38453.180934810516,received
GR-00259,PO-00317,2026-01-25,20049.590681312206,received
GR-00260,PO-00318,2026-01-28,28543.650994501102,received
GR-00261,PO-00320,2026-02-17,15855.789898274234,received
GR-00262,PO-00321,2026-02-25,52509.968411066344,received
GR-00263,PO-00322,2026-02-06,17693.74757506446,received
GR-00264,PO-00323,2026-02-12,34809.66536487434,received
GR-00265,PO-00325,2026-03-31,86273.08680697733,received
GR-00266,PO-00326,2026-04-20,74742.83856567365,received
GR-00267,PO-00327,2026-02-11,16985.85791943941,received
GR-00268,PO-00330,2026-01-28,18880.207358825206,received
GR-00269,PO-00331,2026-04-17,25688.868026130072,received
GR-00270,PO-00332,2026-03-11,22452.211634777897,received
GR-00271,PO-00333,2026-02-12,24767.01191850359,received
GR-00272,PO-00339,2026-02-15,45247.04175127803,received
GR-00273,PO-00341,2026-03-29,18889.263610012225,received
GR-00274,PO-00342,2026-03-18,130861.14795487066,received
GR-00275,PO-00343,2026-02-05,33800.402674044584,received
GR-00276,PO-00344,2026-04-13,65562.93492146087,received
GR-00277,PO-00345,2026-03-15,28630.529258959104,received
GR-00278,PO-00346,2026-01-12,39814.04708217543,received
GR-00279,PO-00347,2026-01-20,46880.738197487204,received
GR-00280,PO-00348,2026-03-01,43042.01029490553,received
GR-00281,PO-00350,2026-01-24,22727.7185563535,received
GR-00282,PO-00353,2026-01-29,65401.661731539716,received
GR-00283,PO-00355,2026-04-01,11475.93752108836,received
GR-00284,PO-00356,2026-04-04,15370.344837945739,received
GR-00285,PO-00358,2026-02-18,7306.231220432902,received
GR-00286,PO-00360,2026-03-28,15713.185504124262,received
GR-00287,PO-00361,2026-03-11,9719.699873913572,received
GR-00288,PO-00362,2026-02-15,15043.098459258155,received
GR-00289,PO-00364,2026-03-06,37072.19754330152,received
GR-00290,PO-00366,2026-03-03,28731.966611276952,received
GR-00291,PO-00367,2026-01-27,54519.93722947995,received
GR-00292,PO-00368,2026-04-10,28076.542844064003,received
GR-00293,PO-00369,2026-03-21,30990.281954054855,received
GR-00294,PO-00370,2026-01-30,12866.439100481492,received
GR-00295,PO-00371,2026-01-21,15970.398386600567,received
GR-00296,PO-00372,2026-03-22,25428.37302523249,received
GR-00297,PO-00373,2026-03-09,20487.29077949114,received
GR-00298,PO-00374,2026-03-09,90470.57511246148,received
GR-00299,PO-00376,2026-02-17,43883.53334951817,received
GR-00300,PO-00377,2026-02-06,23903.96598491118,received
GR-00301,PO-00378,2026-03-31,34598.699426284395,received
GR-00302,PO-00379,2026-02-05,76290.49697100488,received
GR-00303,PO-00380,2026-01-11,16361.051336260984,received
GR-00304,PO-00381,2026-01-06,64004.73734974448,received
GR-00305,PO-00382,2026-02-06,9414.39076316226,received
GR-00306,PO-00384,2026-04-03,53626.202171628116,received
GR-00307,PO-00385,2026-03-30,52940.15280735455,received
GR-00308,PO-00386,2026-03-06,50814.4105346269,received
GR-00309,PO-00388,2026-03-12,20862.16076156674,received
GR-00310,PO-00389,2026-02-12,81141.01070014709,received
GR-00311,PO-00390,2026-02-10,55520.579562238796,received
GR-00312,PO-00393,2026-04-11,37188.65946610386,received
GR-00313,PO-00395,2026-04-03,23275.010328053042,received
GR-00314,PO-00396,2026-03-02,15808.639542898369,received
GR-00315,PO-00397,2026-02-03,33229.07676333649,received
GR-00316,PO-00398,2026-03-14,48201.92452726542,received
GR-00317,PO-00400,2026-03-30,43043.55103894969,received
GR-00318,PO-00401,2026-04-12,26947.042765443406,received
GR-00319,PO-00402,2026-01-31,177537.66766113034,received
GR-00320,PO-00403,2026-01-22,42197.66069136537,received
GR-00321,PO-00404,2026-01-21,69843.64911756598,received
GR-00322,PO-00405,2026-02-25,8198.631402427833,received
GR-00323,PO-00406,2026-02-15,17223.101909260913,received
GR-00324,PO-00407,2026-02-03,23005.306621639702,received
GR-00325,PO-00410,2026-02-11,20139.15833319117,received
GR-00326,PO-00411,2026-04-13,82580.35486570626,received
GR-00327,PO-00412,2026-02-09,36306.40362569498,received
GR-00328,PO-00413,2026-03-17,39233.72602464615,received
GR-00329,PO-00414,2026-01-13,53339.265525412695,received
GR-00330,PO-00415,2026-04-05,23038.778596913162,received
GR-00331,PO-00417,2026-03-23,28673.313823227098,received
GR-00332,PO-00418,2026-01-30,43504.13152339261,received
GR-00333,PO-00419,2026-02-20,13547.091372718089,received
GR-00334,PO-00420,2026-04-03,27778.57969138322,received
GR-00335,PO-00422,2026-01-25,16175.691676035229,received
GR-00336,PO-00423,2026-02-11,12664.403047892558,received
GR-00337,PO-00425,2026-01-18,35162.16982230327,received
GR-00338,PO-00426,2026-02-18,30589.937340921904,received
GR-00339,PO-00427,2026-04-06,48856.893954811596,received
GR-00340,PO-00428,2026-03-07,39427.908410019656,received
GR-00341,PO-00429,2026-02-12,102657.54021474949,received
GR-00342,PO-00430,2026-04-06,32861.33179566404,received
GR-00343,PO-00431,2026-03-20,48231.38637424958,received
GR-00344,PO-00432,2026-02-14,33447.67158764362,received
GR-00345,PO-00434,2026-04-15,19580.23108100789,received
GR-00346,PO-00435,2026-04-13,41934.69458896247,received
GR-00347,PO-00436,2026-03-05,27263.302273841735,received
GR-00348,PO-00438,2026-01-24,29496.5325359216,received
GR-00349,PO-00439,2026-01-13,12499.693946163683,received
GR-00350,PO-00440,2026-02-19,30561.423816598373,received
GR-00351,PO-00442,2026-02-02,44124.46410608135,received
GR-00352,PO-00443,2026-01-17,10370.082745227459,received
GR-00353,PO-00444,2026-03-22,9434.800188026245,received
GR-00354,PO-00445,2026-03-27,4752.058388410457,received
GR-00355,PO-00447,2026-04-06,26113.900474655373,received
GR-00356,PO-00448,2026-02-18,7351.992675712225,received
GR-00357,PO-00449,2026-02-07,16525.579425091466,received
GR-00358,PO-00450,2026-04-07,7505.068169072104,received
GR-00359,PO-00451,2026-01-14,16261.110003339974,received
GR-00360,PO-00452,2026-03-03,58877.124424317415,received
GR-00361,PO-00453,2026-02-12,28545.014693093322,received
GR-00362,PO-00454,2026-02-09,79024.55133177378,received
GR-00363,PO-00455,2026-01-27,41298.730813533606,received
GR-00364,PO-00456,2026-02-14,19438.024251339357,received
GR-00365,PO-00457,2026-03-26,79964.78665817302,received
GR-00366,PO-00458,2026-04-21,48369.44693632865,received
GR-00367,PO-00459,2026-04-19,7954.190755776431,received
GR-00368,PO-00461,2026-03-14,15941.777199726917,received
GR-00369,PO-00462,2026-02-09,23043.141891272106,received
GR-00370,PO-00463,2026-01-16,33290.55431919235,received
GR-00371,PO-00464,2026-01-12,59065.58842160638,received
GR-00372,PO-00465,2026-03-09,30828.27602906713,received
GR-00373,PO-00467,2026-04-07,48732.844414629544,received
GR-00374,PO-00468,2026-01-28,21062.58413355663,received
GR-00375,PO-00469,2026-02-11,40157.98573336713,received
GR-00376,PO-00470,2026-04-03,22143.991894723975,received
GR-00377,PO-00471,2026-03-11,62066.16568367122,received
GR-00378,PO-00472,2026-01-18,28126.911072289757,received
GR-00379,PO-00473,2026-02-08,18057.187968917566,received
GR-00380,PO-00474,2026-04-13,10886.003537465274,received
GR-00381,PO-00475,2026-02-16,28340.99464921477,received
GR-00382,PO-00476,2026-02-13,18255.596029813143,received
GR-00383,PO-00477,2026-03-17,68915.2582215232,received
GR-00384,PO-00478,2026-04-17,40759.9183138892,received
GR-00385,PO-00483,2026-03-30,6520.164614372534,received
GR-00386,PO-00484,2026-03-13,11080.346966520747,received
GR-00387,PO-00485,2026-04-11,28050.901402209147,received
GR-00388,PO-00486,2026-02-26,118736.28758072111,received
GR-00389,PO-00487,2026-02-05,55417.53188284133,received
GR-00390,PO-00491,2026-02-27,25907.92094064811,received
GR-00391,PO-00492,2026-02-17,22898.860089483936,received
GR-00392,PO-00493,2026-01-20,69376.77338502454,received
GR-00393,PO-00494,2026-02-24,8286.891603385351,received
GR-00394,PO-00495,2026-04-04,56830.1382529117,received
GR-00395,PO-00496,2026-02-14,19817.340632132455,received
GR-00396,PO-00497,2026-03-07,11396.46590411951,received
GR-00397,PO-00498,2026-02-25,17041.816413011973,received
GR-00398,PO-00500,2026-01-30,65673.41142638348,received
GR-00399,PO-00502,2026-02-05,76335.7156346215,received
GR-00400,PO-00503,2026-04-06,17225.49558081933,received
GR-00401,PO-00506,2026-02-08,132155.7439243596,received
GR-00402,PO-00507,2026-02-18,46156.019269941564,received
GR-00403,PO-00509,2026-03-09,88758.04976788492,received
GR-00404,PO-00510,2026-01-14,28905.875577704646,received
GR-00405,PO-00511,2026-03-24,11556.244958233425,received
GR-00406,PO-00512,2026-03-08,20925.701308045973,received
GR-00407,PO-00513,2026-01-26,10019.850511571181,received
GR-00408,PO-00515,2026-01-19,51670.76937249308,received
GR-00409,PO-00516,2026-04-07,31397.83294028212,received
GR-00410,PO-00517,2026-02-17,15081.120476879541,received
GR-00411,PO-00518,2026-03-05,35921.28978458103,received
GR-00412,PO-00519,2026-02-20,15197.17614552006,received
GR-00413,PO-00521,2026-03-05,32560.849775073115,received
GR-00414,PO-00524,2026-01-23,36546.2121845178,received
GR-00415,PO-00525,2026-01-21,71512.09394430107,received
GR-00416,PO-00527,2026-01-31,48743.24823526613,received
GR-00417,PO-00528,2026-03-19,26550.36454334935,received
GR-00418,PO-00529,2026-02-25,25139.15439362091,received
GR-00419,PO-00530,2026-02-15,6463.798773314478,received
GR-00420,PO-00531,2026-02-06,14949.197762691001,received
GR-00421,PO-00533,2026-01-25,9462.278879349029,received
GR-00422,PO-00534,2026-03-15,7350.285201600321,received
GR-00423,PO-00535,2026-02-17,15853.602045745096,received
GR-00424,PO-00536,2026-03-29,8429.861944785138,received
GR-00425,PO-00538,2026-02-14,8613.612847031325,received
GR-00426,PO-00539,2026-01-14,31304.852315445765,received
GR-00427,PO-00540,2026-02-09,16007.376828461038,received
GR-00428,PO-00541,2026-02-04,13598.345138068944,received
GR-00429,PO-00542,2026-03-12,21245.227031749746,received
GR-00430,PO-00543,2026-01-15,18130.66837243327,received
GR-00431,PO-00544,2026-02-02,30611.786107144522,received
GR-00432,PO-00546,2026-01-24,23272.175687162635,received
GR-00433,PO-00547,2026-02-11,17596.769031137563,received
GR-00434,PO-00548,2026-02-21,15303.83719703884,received
GR-00435,PO-00549,2026-03-19,32985.599791744535,received
GR-00436,PO-00550,2026-03-12,19650.247714008456,received
GR-00437,PO-00551,2026-02-04,5279.707952772317,received
GR-00438,PO-00552,2026-02-16,21391.675942569236,received
GR-00439,PO-00554,2026-03-03,47892.93965172201,received
GR-00440,PO-00555,2026-04-03,74009.1407806595,received
GR-00441,PO-00556,2026-01-15,146397.487535346,received
GR-00442,PO-00557,2026-02-01,17740.06092889138,received
GR-00443,PO-00558,2026-02-27,45543.498101464545,received
GR-00444,PO-00559,2026-03-24,43713.90528421801,received
GR-00445,PO-00561,2026-04-06,6364.008262110179,received
GR-00446,PO-00562,2026-01-22,6080.0544437996,received
GR-00447,PO-00563,2026-02-16,27501.18194253098,received
GR-00448,PO-00564,2026-02-10,16656.0741969599,received
GR-00449,PO-00565,2026-03-30,64629.60299854159,received
GR-00450,PO-00566,2026-01-13,19160.01783731011,received
GR-00451,PO-00567,2026-04-09,70307.23555180164,received
GR-00452,PO-00568,2026-02-09,40344.61809540449,received
GR-00453,PO-00570,2026-03-15,5147.354922029057,received
GR-00454,PO-00571,2026-01-18,50436.993892101316,received
GR-00455,PO-00572,2026-02-24,19893.36680023871,received
GR-00456,PO-00573,2026-02-19,34235.49032408046,received
GR-00457,PO-00574,2026-02-19,39418.624467420355,received
GR-00458,PO-00575,2026-03-24,16235.814807761906,received
GR-00459,PO-00576,2026-01-30,12407.519608216393,received
GR-00460,PO-00577,2026-03-25,77490.178839134,received
GR-00461,PO-00578,2026-02-17,36305.60403818301,received
GR-00462,PO-00579,2026-02-24,57811.671653125624,received
GR-00463,PO-00581,2026-02-15,181847.7910867987,received
GR-00464,PO-00582,2026-02-10,34750.92916418082,received
GR-00465,PO-00584,2026-04-04,32086.90670088841,received
GR-00466,PO-00585,2026-01-11,61010.63349991374,received
GR-00467,PO-00586,2026-02-24,19048.6551660178,received
GR-00468,PO-00587,2026-02-09,15495.944436895166,received
GR-00469,PO-00588,2026-01-04,6284.337762594716,received
GR-00470,PO-00590,2026-01-26,24792.39677573513,received
GR-00471,PO-00591,2026-02-20,19784.64581953661,received
GR-00472,PO-00592,2026-04-09,43593.93747764074,received
GR-00473,PO-00593,2026-01-17,28158.630119308003,received
GR-00474,PO-00594,2026-02-09,39155.34872780541,received
GR-00475,PO-00595,2026-01-12,207232.69983905854,received
GR-00476,PO-00596,2026-03-30,60783.5810196264,received
GR-00477,PO-00597,2026-03-25,30087.03553491964,received
GR-00478,PO-00598,2026-02-07,27978.80532261167,received
GR-00479,PO-00599,2026-03-07,19354.976521280114,received
GR-00480,PO-00600,2026-02-20,29204.48462942434,received
GR-00481,PO-00602,2026-01-17,27598.333443454467,received
GR-00482,PO-00603,2026-03-10,7730.1191064674795,received
GR-00483,PO-00604,2026-04-02,56435.9212912111,received
GR-00484,PO-00605,2026-03-02,95346.7724720456,received
GR-00485,PO-00606,2026-03-13,16509.212357225006,received
GR-00486,PO-00607,2026-03-10,12715.475824057909,received
GR-00487,PO-00609,2026-02-07,40750.22908693922,received
GR-00488,PO-00610,2026-01-11,41006.62175210176,received
GR-00489,PO-00611,2026-01-28,53001.82771386532,received
GR-00490,PO-00613,2026-03-12,70756.43376374186,received
GR-00491,PO-00614,2026-02-24,22572.348208310763,received
GR-00492,PO-00615,2026-03-29,55140.802616264315,received
GR-00493,PO-00617,2026-03-03,19858.037596590755,received
GR-00494,PO-00618,2026-03-24,37521.666453578466,received
GR-00495,PO-00620,2026-02-13,22040.73018090549,received
GR-00496,PO-00621,2026-02-16,80138.68261235848,received
GR-00497,PO-00622,2026-02-27,22116.800079321376,received
GR-00498,PO-00623,2026-04-04,49328.23108145433,received
GR-00499,PO-00624,2026-02-22,43178.21015541503,received
GR-00500,PO-00625,2026-03-16,69481.7388198783,received
GR-00501,PO-00626,2026-01-27,115822.95707566063,received
GR-00502,PO-00627,2026-03-19,43753.866772104,received
GR-00503,PO-00628,2026-02-22,54821.24892766634,received
GR-00504,PO-00629,2026-04-10,93631.11765655444,received
GR-00505,PO-00630,2026-03-31,40247.197101726844,received
GR-00506,PO-00631,2026-02-20,12542.83024889952,received
GR-00507,PO-00632,2026-02-17,84652.26763271922,received
GR-00508,PO-00633,2026-04-19,32545.983253049788,received
GR-00509,PO-00634,2026-04-07,85369.41252769361,received
GR-00510,PO-00636,2026-02-06,78320.77778863336,received
GR-00511,PO-00637,2026-04-22,42391.141230632296,received
GR-00512,PO-00638,2026-01-25,27227.275097422702,received
GR-00513,PO-00639,2026-03-29,55121.52964580324,received
GR-00514,PO-00640,2026-03-22,64041.83486045367,received
GR-00515,PO-00641,2026-03-29,47830.77461030358,received
GR-00516,PO-00642,2026-03-27,49055.99134995288,received
GR-00517,PO-00644,2026-02-01,11716.866099547215,received
GR-00518,PO-00645,2026-03-10,8028.28779962264,received
GR-00519,PO-00646,2026-04-03,69127.55396945441,received
GR-00520,PO-00647,2026-02-14,21081.72017232069,received
GR-00521,PO-00648,2026-04-19,18642.425539214153,received
GR-00522,PO-00649,2026-04-04,28189.99429669761,received
GR-00523,PO-00650,2026-03-04,45755.109495028424,received
GR-00524,PO-00651,2026-03-22,12071.785703487762,received
GR-00525,PO-00652,2026-03-14,28266.502965820186,received
GR-00526,PO-00653,2026-02-07,76033.84911110121,received
GR-00527,PO-00654,2026-01-20,17217.229281210955,received
GR-00528,PO-00655,2026-01-24,129411.41143622095,received
GR-00529,PO-00656,2026-02-04,50628.95162607992,received
GR-00530,PO-00657,2026-02-18,20374.4940032091,received
GR-00531,PO-00658,2026-03-05,40731.53205142968,received
GR-00532,PO-00659,2026-04-04,26663.752260912595,received
GR-00533,PO-00660,2026-02-01,29204.20357707014,received
GR-00534,PO-00662,2026-04-20,24810.278552045915,received
GR-00535,PO-00663,2026-03-07,30095.349300400434,received
GR-00536,PO-00664,2026-02-22,16322.133218097453,received
GR-00537,PO-00665,2026-02-20,20540.00103414587,received
GR-00538,PO-00666,2026-03-27,60250.209239234304,received
GR-00539,PO-00667,2026-04-04,24119.091592266737,received
GR-00540,PO-00669,2026-02-07,46562.317608140445,received
GR-00541,PO-00670,2026-04-19,21255.46123025298,received
GR-00542,PO-00671,2026-03-04,23639.91612163211,received
GR-00543,PO-00673,2026-01-24,35337.13746903664,received
GR-00544,PO-00674,2026-01-24,25678.56019569629,received
GR-00545,PO-00675,2026-02-20,24420.3113272471,received
GR-00546,PO-00676,2026-03-11,53267.606200197544,received
GR-00547,PO-00677,2026-04-12,17037.736804182514,received
GR-00548,PO-00678,2026-04-01,21569.6369697987,received
GR-00549,PO-00679,2026-02-06,16416.577181690303,received
GR-00550,PO-00680,2026-03-07,24695.31478373475,received
GR-00551,PO-00682,2026-02-04,27149.407885598062,received
GR-00552,PO-00683,2026-02-02,47711.683635517016,received
GR-00553,PO-00684,2026-03-09,57902.91856449022,received
GR-00554,PO-00685,2026-02-17,62203.24163178809,received
GR-00555,PO-00686,2026-02-15,11834.450226627026,received
GR-00556,PO-00687,2026-03-19,38226.957263132535,received
GR-00557,PO-00689,2026-04-17,25548.927123690515,received
GR-00558,PO-00690,2026-03-15,11193.069894006916,received
GR-00559,PO-00691,2026-04-08,98049.12283818117,received
GR-00560,PO-00692,2026-03-13,10605.946997095101,received
GR-00561,PO-00693,2026-04-21,21800.53541642921,received
GR-00562,PO-00694,2026-02-26,37412.780155205524,received
GR-00563,PO-00696,2026-04-17,15621.181152416477,received
GR-00564,PO-00698,2026-01-13,80342.00573709818,received
GR-00565,PO-00699,2026-04-11,19422.161399100507,received
GR-00566,PO-00700,2026-04-01,29703.202004301664,received
GR-00567,PO-00701,2026-02-10,8101.310071282898,received
GR-00568,PO-00702,2026-02-16,23846.77944804591,received
GR-00569,PO-00704,2026-01-30,29068.887696394046,received
GR-00570,PO-00705,2026-02-11,11118.317811656652,received
GR-00571,PO-00706,2026-04-01,14351.600575740238,received
GR-00572,PO-00707,2026-03-21,24431.472338313808,received
GR-00573,PO-00710,2026-04-05,33688.70939149354,received
GR-00574,PO-00711,2026-02-26,23677.9955638855,received
GR-00575,PO-00712,2026-04-14,12632.718345785139,received
GR-00576,PO-00713,2026-03-06,49944.65774725376,received
GR-00577,PO-00715,2026-03-12,27518.298112745688,received
GR-00578,PO-00716,2026-01-10,35278.232122872054,received
GR-00579,PO-00717,2026-04-09,38894.92401417659,received
GR-00580,PO-00718,2026-03-31,186007.65247281868,received
GR-00581,PO-00719,2026-03-15,52810.227010813855,received
GR-00582,PO-00720,2026-01-30,27483.829548729813,received
GR-00583,PO-00723,2026-02-26,23830.455513048935,received
GR-00584,PO-00725,2026-02-09,21716.616569293798,received
GR-00585,PO-00726,2026-01-23,30913.999507239758,received
GR-00586,PO-00727,2026-03-16,20683.21638283951,received
GR-00587,PO-00728,2026-02-24,51306.72087163255,received
GR-00588,PO-00729,2026-02-15,16444.56694012474,received
GR-00589,PO-00730,2026-04-19,90846.42298080653,received
GR-00590,PO-00731,2026-04-16,181565.18696429612,received
GR-00591,PO-00732,2026-03-12,18509.600913479153,received
GR-00592,PO-00733,2026-03-16,17034.135622681028,received
GR-00593,PO-00734,2026-02-12,49734.821907522026,received
GR-00594,PO-00735,2026-01-29,49388.70767947378,received
GR-00595,PO-00736,2026-02-02,38830.57785386495,received
GR-00596,PO-00737,2026-02-06,48219.540721481026,received
GR-00597,PO-00738,2026-01-30,10808.209998044786,received
GR-00598,PO-00739,2026-04-12,16860.143586088,received
GR-00599,PO-00740,2026-03-01,39640.460915560645,received
GR-00600,PO-00741,2026-02-09,32281.929343967193,received
GR-00601,PO-00742,2026-04-23,32422.48196987098,received
GR-00602,PO-00744,2026-02-04,9446.255112399758,received
GR-00603,PO-00745,2026-02-13,21176.792981400657,received
GR-00604,PO-00746,2026-04-07,74047.5335040247,received
GR-00605,PO-00747,2026-02-07,18734.814379659147,received
GR-00606,PO-00748,2026-03-04,52092.12089948237,received
GR-00607,PO-00749,2026-02-19,19896.59231546688,received
GR-00608,PO-00750,2026-01-23,52528.662081289025,received
GR-00609,PO-00751,2026-03-11,76444.31123722882,received
GR-00610,PO-00752,2026-04-08,14500.131286901007,received
GR-00611,PO-00753,2026-03-26,40734.40885314905,received
GR-00612,PO-00754,2026-01-16,6940.650809510614,received
GR-00613,PO-00755,2026-01-29,12304.693595889717,received
GR-00614,PO-00756,2026-02-26,25956.069808318993,received
GR-00615,PO-00757,2026-01-17,39851.81700009444,received
GR-00616,PO-00758,2026-01-31,26729.163805261105,received
GR-00617,PO-00759,2026-02-25,32438.136568615042,received
GR-00618,PO-00760,2026-02-22,40133.93056324101,received
GR-00619,PO-00761,2026-03-11,28120.64500209634,received
GR-00620,PO-00762,2026-02-24,41250.60320522565,received
GR-00621,PO-00764,2026-02-23,22041.29182529519,received
GR-00622,PO-00765,2026-01-30,10752.561595685982,received
GR-00623,PO-00767,2026-02-07,17382.18315002728,received
GR-00624,PO-00768,2026-03-19,6845.542645205119,received
GR-00625,PO-00769,2026-03-07,40427.14528883522,received
GR-00626,PO-00770,2026-02-25,68017.73995856322,received
GR-00627,PO-00771,2026-02-26,17021.511048413013,received
GR-00628,PO-00773,2026-02-03,91866.4432123604,received
GR-00629,PO-00774,2026-02-08,24962.409123518213,received
GR-00630,PO-00776,2026-01-24,43822.63565166985,received
GR-00631,PO-00777,2026-03-16,26752.503304631722,received
GR-00632,PO-00778,2026-02-01,26227.74866059253,received
GR-00633,PO-00779,2026-03-27,38656.97135531975,received
GR-00634,PO-00781,2026-03-08,19935.73493890366,received
GR-00635,PO-00783,2026-04-11,30803.856550292654,received
GR-00636,PO-00784,2026-03-16,12582.140325404349,received
GR-00637,PO-00785,2026-02-27,17867.783838654996,received
GR-00638,PO-00787,2026-02-08,17106.97557408049,received
GR-00639,PO-00788,2026-01-19,116111.07559213815,received
GR-00640,PO-00790,2026-03-03,65662.46059342402,received
GR-00641,PO-00791,2026-03-25,38005.98216847799,received
GR-00642,PO-00792,2026-03-13,8260.580977280579,received
GR-00643,PO-00795,2026-04-12,17333.050698611383,received
GR-00644,PO-00798,2026-03-18,13393.702679858243,received
GR-00645,PO-00799,2026-01-31,27114.62898169892,received
GR-00646,PO-00802,2026-04-18,59448.15832926642,received
GR-00647,PO-00803,2026-02-12,12002.360048788769,received
GR-00648,PO-00804,2026-01-31,14776.280163076168,received
GR-00649,PO-00807,2026-02-11,137448.73807037465,received
GR-00650,PO-00808,2026-02-04,20203.54399823914,received
GR-00651,PO-00809,2026-04-09,22887.4759605803,received
GR-00652,PO-00810,2026-03-23,21228.243094141228,received
GR-00653,PO-00811,2026-02-06,21379.95294596987,received
GR-00654,PO-00813,2026-03-04,30748.986014151364,received
GR-00655,PO-00815,2026-03-18,50763.063295119035,received
GR-00656,PO-00816,2026-04-05,21911.371023109125,received
GR-00657,PO-00817,2026-01-29,40676.18105542924,received
GR-00658,PO-00818,2026-04-11,12266.121752557861,received
GR-00659,PO-00819,2026-03-22,17616.026021333542,received
GR-00660,PO-00820,2026-01-31,65433.7440889117,received
GR-00661,PO-00821,2026-03-03,11454.162821513624,received
GR-00662,PO-00822,2026-01-11,10194.95582940898,received
GR-00663,PO-00823,2026-01-30,13387.88250093703,received
GR-00664,PO-00824,2026-02-04,22166.584629899124,received
GR-00665,PO-00825,2026-01-16,43890.89609866745,received
GR-00666,PO-00826,2026-01-17,25298.456906936335,received
GR-00667,PO-00827,2026-03-25,76352.70215180743,received
GR-00668,PO-00828,2026-02-26,49155.73392568714,received
GR-00669,PO-00830,2026-01-17,74258.44191933803,received
GR-00670,PO-00832,2026-03-28,4468.118747005303,received
GR-00671,PO-00834,2026-01-25,25250.3730665809,received
GR-00672,PO-00835,2026-04-08,100185.72964506132,received
GR-00673,PO-00836,2026-03-04,72396.05370826127,received
GR-00674,PO-00837,2026-01-25,30479.088045109766,received
GR-00675,PO-00838,2026-02-05,16660.70626295765,received
GR-00676,PO-00839,2026-02-26,100589.48943684429,received
GR-00677,PO-00840,2026-02-21,32475.434205103935,received
GR-00678,PO-00841,2026-04-08,123372.11857373407,received
GR-00679,PO-00842,2026-03-09,23015.13361544943,received
GR-00680,PO-00843,2026-03-21,14630.512353617762,received
GR-00681,PO-00844,2026-04-09,57649.41703713282,received
GR-00682,PO-00846,2026-03-18,26596.205713647436,received
GR-00683,PO-00848,2026-04-03,26366.179507035118,received
GR-00684,PO-00849,2026-04-07,24485.81458112623,received
GR-00685,PO-00850,2026-02-08,27055.52148963074,received
GR-00686,PO-00851,2026-04-06,17620.11481074575,received
GR-00687,PO-00852,2026-03-13,22212.982360019596,received
GR-00688,PO-00853,2026-01-27,29701.77565511173,received
GR-00689,PO-00854,2026-02-12,31469.87240697985,received
GR-00690,PO-00855,2026-04-15,23986.72859272462,received
GR-00691,PO-00856,2026-02-01,5666.45571234655,received
GR-00692,PO-00857,2026-01-25,29077.105847875846,received
GR-00693,PO-00858,2026-02-27,323453.1197759354,received
GR-00694,PO-00860,2026-03-28,27963.940427123907,received
GR-00695,PO-00861,2026-03-25,31417.200614609363,received
GR-00696,PO-00862,2026-03-26,53549.33715246414,received
GR-00697,PO-00863,2026-03-13,85793.77290432884,received
GR-00698,PO-00864,2026-03-25,25182.33680335823,received
GR-00699,PO-00866,2026-04-08,23384.433793875673,received
GR-00700,PO-00867,2026-02-09,15674.649599934957,received
GR-00701,PO-00868,2026-03-25,57186.524779206586,received
GR-00702,PO-00870,2026-03-22,33873.60895135364,received
GR-00703,PO-00871,2026-01-14,115973.24318206236,received
GR-00704,PO-00872,2026-02-23,36173.32314349394,received
GR-00705,PO-00873,2026-04-06,8288.396979568608,received
GR-00706,PO-00874,2026-04-10,58024.77949060503,received
GR-00707,PO-00875,2026-02-26,10909.678562838531,received
GR-00708,PO-00876,2026-01-21,15661.86782798204,received
GR-00709,PO-00877,2026-03-26,53475.054108893775,received
GR-00710,PO-00879,2026-03-19,27929.060768415424,received
GR-00711,PO-00881,2026-01-09,75199.80949254913,received
GR-00712,PO-00882,2026-02-02,20979.39491590642,received
GR-00713,PO-00883,2026-02-21,44647.73762821322,received
GR-00714,PO-00884,2026-02-18,13397.472970793475,received
GR-00715,PO-00885,2026-04-12,74055.14424297589,received
GR-00716,PO-00886,2026-03-04,52715.80528790245,received
GR-00717,PO-00887,2026-02-04,43725.370246506245,received
GR-00718,PO-00888,2026-02-07,27081.62267412951,received
GR-00719,PO-00889,2026-03-20,29384.26625464008,received
GR-00720,PO-00890,2026-04-18,72028.90403535408,received
GR-00721,PO-00891,2026-03-19,30673.57148285103,received
GR-00722,PO-00892,2026-03-04,12937.072934209542,received
GR-00723,PO-00893,2026-02-20,28620.633285166634,received
GR-00724,PO-00894,2026-03-19,13541.196762502525,received
GR-00725,PO-00895,2026-03-19,31670.541387201745,received
GR-00726,PO-00896,2026-03-05,9014.380818330965,received
GR-00727,PO-00897,2026-03-06,32653.45105760146,received
GR-00728,PO-00899,2026-01-12,55071.29741841377,received
GR-00729,PO-00901,2026-03-26,28954.394038711525,received
GR-00730,PO-00902,2026-01-28,53708.03977110116,received
GR-00731,PO-00903,2026-02-17,38151.6623027467,received
GR-00732,PO-00905,2026-04-19,14142.15906543398,received
GR-00733,PO-00906,2026-03-23,17033.94554158844,received
GR-00734,PO-00908,2026-02-12,38398.000504621254,received
GR-00735,PO-00909,2026-01-08,54373.83971449696,received
GR-00736,PO-00910,2026-02-10,79801.78260949433,received
GR-00737,PO-00911,2026-02-20,10201.965527287435,received
GR-00738,PO-00913,2026-01-30,16066.224318758123,received
GR-00739,PO-00914,2026-02-27,8171.7055505198705,received
GR-00740,PO-00915,2026-03-23,49468.701722382255,received
GR-00741,PO-00916,2026-03-17,31225.194443276694,received
GR-00742,PO-00917,2026-01-26,8001.035547965605,received
GR-00743,PO-00918,2026-03-15,9306.776440552334,received
GR-00744,PO-00919,2026-01-26,15940.543293704426,received
GR-00745,PO-00920,2026-02-13,8768.432685227817,received
GR-00746,PO-00921,2026-02-03,24025.797453772826,received
GR-00747,PO-00922,2026-03-18,141683.32646184205,received
GR-00748,PO-00923,2026-01-27,129941.61378313786,received
GR-00749,PO-00924,2026-01-19,9873.43932918305,received
GR-00750,PO-00925,2026-04-14,31721.93024288416,received
GR-00751,PO-00926,2026-03-06,24648.528321956932,received
GR-00752,PO-00927,2026-02-06,6918.635784809185,received
GR-00753,PO-00928,2026-03-15,10313.774423568646,received
GR-00754,PO-00929,2026-01-23,13247.591908776003,received
GR-00755,PO-00930,2026-03-20,9806.122122497767,received
GR-00756,PO-00931,2026-02-21,49104.17952864384,received
GR-00757,PO-00932,2026-02-25,10833.525815953484,received
GR-00758,PO-00933,2026-04-01,17937.424885468612,received
GR-00759,PO-00934,2026-01-12,65859.72829463317,received
GR-00760,PO-00935,2026-03-21,17624.611312212055,received
GR-00761,PO-00936,2026-02-23,27598.573322330267,received
GR-00762,PO-00937,2026-03-30,26302.570121169094,received
GR-00763,PO-00938,2026-03-08,24748.910099741468,received
GR-00764,PO-00939,2026-02-06,34282.38951384476,received
GR-00765,PO-00940,2026-02-14,11919.774316599522,received
GR-00766,PO-00941,2026-02-10,98045.77229179759,received
GR-00767,PO-00942,2026-02-19,8870.89573000478,received
GR-00768,PO-00943,2026-02-03,32374.112089899052,received
GR-00769,PO-00945,2026-02-03,41120.26728919511,received
GR-00770,PO-00947,2026-03-24,18305.058047216393,received
GR-00771,PO-00948,2026-02-27,9370.432649988355,received
GR-00772,PO-00949,2026-03-05,52391.01843775986,received
GR-00773,PO-00950,2026-02-10,13296.077190331644,received
GR-00774,PO-00951,2026-03-19,8739.061040183598,received
GR-00775,PO-00952,2026-04-03,13254.555181668231,received
GR-00776,PO-00953,2026-02-06,33234.477613513925,received
GR-00777,PO-00954,2026-02-08,14738.697514038871,received
GR-00778,PO-00955,2026-04-06,76508.72189332744,received
GR-00779,PO-00956,2026-03-24,25498.445366067543,received
GR-00780,PO-00959,2026-03-23,29270.544461710844,received
GR-00781,PO-00960,2026-03-14,33960.492663250814,received
GR-00782,PO-00962,2026-03-10,16074.369680327369,received
GR-00783,PO-00963,2026-02-03,26420.67516655757,received
GR-00784,PO-00964,2026-03-22,26435.490017267726,received
GR-00785,PO-00965,2026-03-15,42202.88191551306,received
GR-00786,PO-00967,2026-03-31,10144.782296790967,received
GR-00787,PO-00969,2026-02-02,61966.1763866215,received
GR-00788,PO-00970,2026-01-25,6615.636939041097,received
GR-00789,PO-00972,2026-02-28,33651.232808767236,received
GR-00790,PO-00973,2026-02-16,28214.918368213395,received
GR-00791,PO-00975,2026-02-24,91854.36574192456,received
GR-00792,PO-00977,2026-03-28,7135.949080006793,received
GR-00793,PO-00978,2026-02-21,25831.21497670264,received
GR-00794,PO-00979,2026-03-18,36811.52525022911,received
GR-00795,PO-00980,2026-02-19,20047.12471560798,received
GR-00796,PO-00981,2026-04-18,61078.62539236154,received
GR-00797,PO-00982,2026-03-21,44791.74422775459,received
GR-00798,PO-00983,2026-04-08,35334.50254812471,received
GR-00799,PO-00984,2026-04-10,8013.37724924498,received
GR-00800,PO-00985,2026-02-23,67714.21612361867,received
GR-00801,PO-00986,2026-03-12,47470.03189267057,received
GR-00802,PO-00988,2026-02-26,34932.266733537086,received
GR-00803,PO-00990,2026-03-07,45971.824158419615,received
GR-00804,PO-00991,2026-02-05,48472.63492855173,received
GR-00805,PO-00992,2026-02-14,31549.937495307786,received
GR-00806,PO-00993,2026-03-24,27161.999388851484,received
GR-00807,PO-00994,2026-01-27,13735.663076655417,received
GR-00808,PO-00995,2026-03-11,11375.355209111103,received
GR-00809,PO-00996,2026-02-03,49722.860597790954,received
GR-00810,PO-00997,2026-02-16,37620.7084630425,received
GR-00811,PO-00999,2026-03-22,21472.388512301783,received
GR-00812,PO-01000,2026-03-12,8836.26153555052,received
GR-00813,PO-01001,2026-02-25,24341.710822728637,received
GR-00814,PO-01003,2026-03-04,60776.17225885204,received
GR-00815,PO-01004,2026-02-26,75389.49353864799,received
GR-00816,PO-01006,2026-01-27,63418.406368259566,received
GR-00817,PO-01007,2026-02-09,3636.007048336494,received
GR-00818,PO-01008,2026-03-04,10910.621902234137,received
GR-00819,PO-01009,2026-03-29,20078.8085996931,received
GR-00820,PO-01010,2026-02-25,22631.228327377372,received
GR-00821,PO-01011,2026-03-17,78558.45045133482,received
GR-00822,PO-01012,2026-01-17,16848.84200543148,received
GR-00823,PO-01013,2026-02-20,28871.06143582733,received
GR-00824,PO-01014,2026-04-04,42458.66899478588,received
GR-00825,PO-01015,2026-03-14,19172.05390386546,received
GR-00826,PO-01016,2026-01-09,3471.8426247257185,received
GR-00827,PO-01017,2026-02-22,37526.43686161425,received
GR-00828,PO-01018,2026-01-25,4749.251663389139,received
GR-00829,PO-01019,2026-02-10,18162.457960978638,received
GR-00830,PO-01020,2026-03-02,148551.7909331583,received
GR-00831,PO-01021,2026-02-25,14184.537481531008,received
GR-00832,PO-01022,2026-02-14,41214.01795255498,received
GR-00833,PO-01023,2026-04-02,15123.501619605204,received
GR-00834,PO-01024,2026-04-19,14607.3823800068,received
GR-00835,PO-01025,2026-04-09,35975.388416502276,received
GR-00836,PO-01026,2026-02-28,63426.87578546034,received
GR-00837,PO-01027,2026-01-24,23534.086942275368,received
GR-00838,PO-01028,2026-02-13,25223.884130018578,received
GR-00839,PO-01029,2026-02-14,2275.1543954389094,received
GR-00840,PO-01032,2026-02-12,43428.06720255224,received
GR-00841,PO-01033,2026-03-01,23332.59143694754,received
GR-00842,PO-01034,2026-02-21,71066.1883505796,received
GR-00843,PO-01036,2026-03-04,17697.70525457134,received
GR-00844,PO-01037,2026-03-28,134155.67740543303,received
GR-00845,PO-01038,2026-02-17,35402.377123008584,received
GR-00846,PO-01039,2026-02-28,13576.00977349191,received
GR-00847,PO-01040,2026-03-31,13666.719961736844,received
GR-00848,PO-01041,2026-03-21,33800.57427673766,received
GR-00849,PO-01042,2026-04-13,92450.38183910218,received
GR-00850,PO-01043,2026-02-20,15412.67693222917,received
GR-00851,PO-01044,2026-02-01,41804.95596868451,received
GR-00852,PO-01045,2026-01-28,36121.50935734772,received
GR-00853,PO-01046,2026-03-23,25127.222427112825,received
GR-00854,PO-01047,2026-01-27,47069.99109849851,received
GR-00855,PO-01048,2026-01-20,8297.40517390028,received
GR-00856,PO-01050,2026-04-14,12494.81915421616,received
GR-00857,PO-01051,2026-03-18,64478.87044563405,received
GR-00858,PO-01052,2026-01-20,280246.0069869387,received
GR-00859,PO-01053,2026-02-13,13171.423822047163,received
GR-00860,PO-01054,2026-04-09,50340.30277775884,received
GR-00861,PO-01055,2026-03-06,19622.006433179064,received
GR-00862,PO-01056,2026-03-03,10284.498972198586,received
GR-00863,PO-01057,2026-03-10,30116.041532041778,received
GR-00864,PO-01058,2026-04-03,43130.07825281424,received
GR-00865,PO-01059,2026-01-23,20416.45308106355,received
GR-00866,PO-01060,2026-01-30,40511.61687112249,received
GR-00867,PO-01061,2026-04-16,24291.09159786141,received
GR-00868,PO-01062,2026-03-01,38961.955749750494,received
GR-00869,PO-01063,2026-04-11,26798.469666027337,received
GR-00870,PO-01065,2026-01-27,25886.492750873254,received
GR-00871,PO-01066,2026-02-21,46647.85120885641,received
GR-00872,PO-01067,2026-03-29,295368.37675933354,received
GR-00873,PO-01069,2026-03-22,41375.327702563554,received
GR-00874,PO-01070,2026-04-03,14787.359699676554,received
GR-00875,PO-01071,2026-03-02,3450.024850237028,received
GR-00876,PO-01072,2026-03-15,8495.943205304546,received
GR-00877,PO-01073,2026-02-17,44007.13100323578,received
GR-00878,PO-01074,2026-04-07,19544.243233914516,received
GR-00879,PO-01075,2026-02-18,13054.39720502062,received
GR-00880,PO-01076,2026-03-26,22005.235551498354,received
GR-00881,PO-01077,2026-03-11,18371.74636221069,received
GR-00882,PO-01078,2026-04-03,17622.92750472232,received
GR-00883,PO-01079,2026-04-09,21153.53670713308,received
GR-00884,PO-01081,2026-02-19,7837.435611618046,received
GR-00885,PO-01082,2026-03-21,14147.109624879778,received
GR-00886,PO-01083,2026-02-04,21538.972680591538,received
GR-00887,PO-01084,2026-03-21,17493.89767426694,received
GR-00888,PO-01086,2026-02-27,19911.976758741,received
GR-00889,PO-01087,2026-03-07,19608.17654802095,received
GR-00890,PO-01088,2026-04-02,59487.383966284906,received
GR-00891,PO-01089,2026-02-06,9807.396909310202,received
GR-00892,PO-01090,2026-03-01,18199.803179222185,received
GR-00893,PO-01091,2026-02-18,59429.853791199974,received
GR-00894,PO-01092,2026-03-01,74710.71172073856,received
GR-00895,PO-01093,2026-04-09,24088.562257467667,received
GR-00896,PO-01094,2026-03-12,53069.55706476427,received
GR-00897,PO-01095,2026-01-17,11046.072836519155,received
GR-00898,PO-01096,2026-03-07,30501.075408400084,received
GR-00899,PO-01097,2026-03-04,26684.41204532835,received
GR-00900,PO-01099,2026-04-15,20141.091307185063,received
GR-00901,PO-01100,2026-02-22,63727.98146223545,received
GR-00902,PO-01101,2026-04-03,30640.870945654588,received
GR-00903,PO-01102,2026-02-28,90883.4801518473,received
GR-00904,PO-01104,2026-02-01,14352.70784573355,received
GR-00905,PO-01105,2026-02-21,17548.876831717887,received
GR-00906,PO-01106,2026-04-14,33429.38521705364,received
GR-00907,PO-01107,2026-04-12,28650.50974515847,received
GR-00908,PO-01109,2026-03-11,24382.774722977283,received
GR-00909,PO-01111,2026-01-28,16448.29866197358,received
GR-00910,PO-01112,2026-02-23,29217.546343129343,received
GR-00911,PO-01113,2026-02-04,49094.26272067462,received
GR-00912,PO-01114,2026-03-14,45447.0876567177,received
GR-00913,PO-01115,2026-03-01,3881.5778294629135,received
GR-00914,PO-01116,2026-03-12,47909.54042036538,received
GR-00915,PO-01117,2026-01-24,58214.70956634337,received
GR-00916,PO-01119,2026-02-17,16702.258021199254,received
GR-00917,PO-01121,2026-03-12,11193.485728843874,received
GR-00918,PO-01122,2026-02-13,26986.259397898066,received
GR-00919,PO-01123,2026-03-06,16360.265260293674,received
GR-00920,PO-01124,2026-03-23,16291.65202793545,received
GR-00921,PO-01125,2026-04-14,10420.584524132582,received
GR-00922,PO-01126,2026-01-04,26354.007134504398,received
GR-00923,PO-01127,2026-03-27,27489.126244955427,received
GR-00924,PO-01128,2026-04-12,17943.94030940814,received
GR-00925,PO-01129,2026-02-24,44301.87298238978,received
GR-00926,PO-01130,2026-01-25,38782.87933319252,received
GR-00927,PO-01131,2026-02-15,28931.2534276223,received
GR-00928,PO-01132,2026-02-10,8072.162249608969,received
GR-00929,PO-01133,2026-02-09,25669.0943073537,received
GR-00930,PO-01134,2026-01-26,19585.070519543508,received
GR-00931,PO-01135,2026-04-06,27043.193365706087,received
GR-00932,PO-01136,2026-02-26,22626.655038163968,received
GR-00933,PO-01137,2026-04-04,27267.802467054724,received
GR-00934,PO-01138,2026-03-02,44735.35579617351,received
GR-00935,PO-01140,2026-02-27,31074.806830270812,received
GR-00936,PO-01141,2026-03-21,31954.889650691544,received
GR-00937,PO-01142,2026-03-03,28644.75585075986,received
GR-00938,PO-01143,2026-02-06,11651.022850958148,received
GR-00939,PO-01144,2026-02-15,16837.440939904725,received
GR-00940,PO-01145,2026-03-15,49063.0061571682,received
GR-00941,PO-01146,2026-03-02,59441.29158285111,received
GR-00942,PO-01147,2026-03-20,92774.68643069852,received
GR-00943,PO-01148,2026-03-05,73926.09879146784,received
GR-00944,PO-01149,2026-02-04,38453.88863805227,received
GR-00945,PO-01150,2026-03-24,26074.94916053724,received
GR-00946,PO-01151,2026-03-21,34776.46216888898,received
GR-00947,PO-01152,2026-01-29,56224.46607791476,received
GR-00948,PO-01153,2026-01-21,16171.16393359157,received
GR-00949,PO-01154,2026-02-26,20549.96929911327,received
GR-00950,PO-01155,2026-03-04,17740.213872427852,received
GR-00951,PO-01156,2026-03-24,44648.40586937689,received
GR-00952,PO-01157,2026-02-20,28281.790495289497,received
GR-00953,PO-01158,2026-04-03,32524.899208278566,received
GR-00954,PO-01159,2026-04-09,6527.165722651332,received
GR-00955,PO-01160,2026-03-31,20939.826496190828,received
GR-00956,PO-01161,2026-02-08,70146.24141928167,received
GR-00957,PO-01162,2026-04-01,11908.74428738778,received
GR-00958,PO-01163,2026-03-09,19591.469252491697,received
GR-00959,PO-01164,2026-01-16,37167.737241500225,received
GR-00960,PO-01167,2026-04-07,14686.41125731164,received
GR-00961,PO-01168,2026-03-06,5574.7953309624945,received
GR-00962,PO-01169,2026-03-01,5882.685847669635,received
GR-00963,PO-01170,2026-01-25,20592.06140655942,received
GR-00964,PO-01171,2026-01-26,13264.885361205,received
GR-00965,PO-01172,2026-01-26,38445.250655120464,received
GR-00966,PO-01174,2026-03-12,61493.8974564168,received
GR-00967,PO-01175,2026-02-22,31760.287063273343,received
GR-00968,PO-01176,2026-03-22,14494.146575832616,received
GR-00969,PO-01177,2026-01-22,25763.829799952397,received
GR-00970,PO-01178,2026-01-14,39729.94455779929,received
GR-00971,PO-01179,2026-02-22,21373.74369359786,received
GR-00972,PO-01181,2026-03-26,28842.122877493657,received
GR-00973,PO-01182,2026-02-27,51816.40135987588,received
GR-00974,PO-01184,2026-02-22,13877.712960487863,received
GR-00975,PO-01187,2026-03-30,15399.921608896891,received
GR-00976,PO-01191,2026-01-28,6149.388922117571,received
GR-00977,PO-01192,2026-01-30,90743.18364857056,received
GR-00978,PO-01194,2026-03-14,24648.94596876868,received
GR-00979,PO-01195,2026-02-13,27449.786723139976,received
GR-00980,PO-01196,2026-01-23,38933.30615944897,received
GR-00981,PO-01197,2026-01-31,137595.59574471068,received
GR-00982,PO-01198,2026-03-14,23052.54263115644,received
GR-00983,PO-01199,2026-01-12,73944.85387785893,received
GR-00984,PO-01200,2026-03-17,45205.33416627928,received
GR-00985,PO-01201,2026-04-05,10654.638346334315,received
GR-00986,PO-01202,2026-04-06,31720.195599737806,received
GR-00987,PO-01203,2026-01-27,29760.244886440018,received
GR-00988,PO-01205,2026-04-07,24607.234339123093,received
GR-00989,PO-01207,2026-01-14,51700.263896523626,received
GR-00990,PO-01208,2026-03-29,11265.686292119548,received
GR-00991,PO-01209,2026-01-14,30056.78116533195,received
GR-00992,PO-01210,2026-01-28,42315.81116533201,received
GR-00993,PO-01211,2026-03-29,31442.113090820483,received
GR-00994,PO-01212,2026-02-19,44178.208816253464,received
GR-00995,PO-01213,2026-02-07,26424.627070681705,received
GR-00996,PO-01214,2026-02-27,34435.995571733125,received
GR-00997,PO-01215,2026-01-29,15725.62493402981,received
GR-00998,PO-01216,2026-01-10,15131.366936061275,received
GR-00999,PO-01217,2026-01-23,11881.877366401864,received
GR-01000,PO-01218,2026-02-05,19034.264181620907,received
GR-01001,PO-01219,2026-02-08,60117.98799458345,received
GR-01002,PO-01221,2026-03-05,25032.49670733273,received
GR-01003,PO-01222,2026-02-01,8593.011581783312,received
GR-01004,PO-01223,2026-03-29,55601.07888656472,received
GR-01005,PO-01224,2026-02-03,11865.373660147729,received
GR-01006,PO-01225,2026-03-31,20780.81659578047,received
GR-01007,PO-01226,2026-03-03,23092.491203620164,received
GR-01008,PO-01227,2026-03-22,23798.093849211367,received
GR-01009,PO-01228,2026-03-06,27375.589274232607,received
GR-01010,PO-01229,2026-03-02,244916.2186873937,received
GR-01011,PO-01231,2026-03-15,36201.206518376945,received
GR-01012,PO-01232,2026-01-28,5213.191498575693,received
GR-01013,PO-01233,2026-02-23,16937.825622079046,received
GR-01014,PO-01234,2026-01-26,67463.17622715853,received
GR-01015,PO-01235,2026-02-18,23656.61769002049,received
GR-01016,PO-01236,2026-02-21,13843.969504445791,received
GR-01017,PO-01237,2026-04-05,41874.22148481465,received
GR-01018,PO-01238,2026-04-25,17274.189430445946,received
GR-01019,PO-01239,2026-03-08,60497.371319777405,received
GR-01020,PO-01240,2026-02-13,27542.02974675939,received
GR-01021,PO-01242,2026-03-24,143443.208761673,received
GR-01022,PO-01244,2026-01-30,20288.394320150037,received
GR-01023,PO-01245,2026-02-04,9903.901629300943,received
GR-01024,PO-01246,2026-02-06,26016.185706595203,received
GR-01025,PO-01247,2026-02-18,24700.0382859943,received
GR-01026,PO-01248,2026-01-23,15081.969871607584,received
GR-01027,PO-01251,2026-01-19,28811.260115221972,received
GR-01028,PO-01252,2026-02-19,77493.80269447854,received
GR-01029,PO-01253,2026-03-24,23819.387114701924,received
GR-01030,PO-01254,2026-02-16,38184.85494284798,received
GR-01031,PO-01256,2026-02-14,4917.311273221609,received
GR-01032,PO-01257,2026-01-25,11007.159310626655,received
GR-01033,PO-01258,2026-02-24,12829.638137966083,received
GR-01034,PO-01259,2026-01-30,65882.5878306862,received
GR-01035,PO-01260,2026-02-06,10537.030639759847,received
GR-01036,PO-01261,2026-01-19,6488.005302054845,received
GR-01037,PO-01262,2026-02-06,51441.79422694398,received
GR-01038,PO-01264,2026-01-12,18769.825322039975,received
GR-01039,PO-01265,2026-03-23,14029.266457630492,received
GR-01040,PO-01266,2026-03-29,11970.706503113119,received
GR-01041,PO-01267,2026-03-11,31590.261133999185,received
GR-01042,PO-01269,2026-01-20,55669.82528753371,received
GR-01043,PO-01270,2026-03-21,7285.446555161554,received
GR-01044,PO-01271,2026-01-15,33090.53877271583,received
GR-01045,PO-01272,2026-02-10,62271.4225810932,received
GR-01046,PO-01273,2026-01-24,18569.80534142624,received
GR-01047,PO-01274,2026-02-10,31274.552754389795,received
GR-01048,PO-01276,2026-02-26,17142.659299629617,received
GR-01049,PO-01277,2026-02-08,6737.866916035781,received
GR-01050,PO-01278,2026-04-06,97588.31064441822,received
GR-01051,PO-01279,2026-02-24,17801.21190659852,received
GR-01052,PO-01280,2026-03-06,56796.46757776418,received
GR-01053,PO-01284,2026-02-11,8885.503635089552,received
GR-01054,PO-01286,2026-03-17,16045.509427476609,received
GR-01055,PO-01287,2026-01-11,13529.20877412463,received
GR-01056,PO-01288,2026-02-19,21155.059922620196,received
GR-01057,PO-01289,2026-02-02,17593.83669023857,received
GR-01058,PO-01290,2026-03-17,21328.89414050096,received
GR-01059,PO-01293,2026-01-12,11340.26450235998,received
GR-01060,PO-01294,2026-03-01,73852.21897765737,received
GR-01061,PO-01295,2026-04-14,86228.96044001362,received
GR-01062,PO-01296,2026-03-03,13860.669894455166,received
GR-01063,PO-01297,2026-02-21,4419.7084395445145,received
GR-01064,PO-01298,2026-04-15,34654.242769946766,received
GR-01065,PO-01299,2026-04-17,17468.407699246764,received
GR-01066,PO-01300,2026-02-09,27633.692496307638,received
GR-01067,PO-01301,2026-01-09,15978.47187832017,received
GR-01068,PO-01302,2026-03-25,69749.30849018891,received
GR-01069,PO-01304,2026-02-09,37826.198468255025,received
GR-01070,PO-01306,2026-02-28,74086.63583827109,received
GR-01071,PO-01307,2026-03-12,22861.076663211068,received
GR-01072,PO-01308,2026-02-15,16783.95196224614,received
GR-01073,PO-01310,2026-03-14,60911.986885771235,received
GR-01074,PO-01311,2026-03-28,67647.84745747465,received
GR-01075,PO-01312,2026-03-18,93367.72111752738,received
GR-01076,PO-01313,2026-03-08,19371.788001342105,received
GR-01077,PO-01315,2026-03-27,36439.33582514763,received
GR-01078,PO-01316,2026-02-15,28356.855582673288,received
GR-01079,PO-01317,2026-03-14,74849.09264624307,received
GR-01080,PO-01318,2026-03-20,68738.08332546166,received
GR-01081,PO-01319,2026-02-09,49467.643819894925,received
GR-01082,PO-01320,2026-03-09,23909.484969567853,received
GR-01083,PO-01325,2026-02-05,47855.883877822234,received
GR-01084,PO-01326,2026-03-26,13066.92702203385,received
GR-01085,PO-01327,2026-02-10,15257.042090265964,received
GR-01086,PO-01330,2026-02-13,45199.391426478236,received
GR-01087,PO-01331,2026-03-18,54970.494240082124,received
GR-01088,PO-01332,2026-03-11,19540.209343968105,received
GR-01089,PO-01333,2026-03-10,9914.156523316347,received
GR-01090,PO-01334,2026-01-22,22713.973614306,received
GR-01091,PO-01335,2026-01-18,38901.76029048786,received
GR-01092,PO-01336,2026-01-20,66234.02457067571,received
GR-01093,PO-01337,2026-02-18,37947.403546455476,received
GR-01094,PO-01338,2026-03-30,49237.4025865776,received
GR-01095,PO-01339,2026-03-16,20136.388217213887,received
GR-01096,PO-01340,2026-01-23,20524.87392699178,received
GR-01097,PO-01341,2026-02-02,28843.62852072595,received
GR-01098,PO-01342,2026-04-09,19148.723103602428,received
GR-01099,PO-01343,2026-03-19,33235.52340831031,received
GR-01100,PO-01344,2026-03-24,32977.21225421404,received
GR-01101,PO-01345,2026-03-04,11788.040917447664,received
GR-01102,PO-01346,2026-01-16,77730.18031228741,received
GR-01103,PO-01347,2026-03-28,13905.572255891324,received
GR-01104,PO-01348,2026-02-13,53429.52765395011,received
GR-01105,PO-01349,2026-03-25,17051.31679750609,received
GR-01106,PO-01350,2026-03-04,27873.449877172792,received
GR-01107,PO-01351,2026-02-14,24251.052456935766,received
GR-01108,PO-01353,2026-04-13,32897.16594248847,received
GR-01109,PO-01355,2026-02-14,3956.3182660901016,received
GR-01110,PO-01356,2026-02-08,61621.24093023022,received
GR-01111,PO-01357,2026-02-27,15536.202850692356,received
GR-01112,PO-01360,2026-03-08,52920.81400156051,received
GR-01113,PO-01361,2026-04-22,20065.76191530997,received
GR-01114,PO-01362,2026-02-25,14499.241385890276,received
GR-01115,PO-01363,2026-04-10,37139.986624329315,received
GR-01116,PO-01365,2026-03-21,12515.097934174191,received
GR-01117,PO-01366,2026-04-18,18039.899426442797,received
GR-01118,PO-01367,2026-01-18,30906.2053074856,received
GR-01119,PO-01368,2026-02-16,61285.63215183292,received
GR-01120,PO-01369,2026-03-03,33547.14421989536,received
GR-01121,PO-01370,2026-03-06,32660.19900712752,received
GR-01122,PO-01371,2026-01-30,14251.945508490197,received
GR-01123,PO-01372,2026-03-10,20117.4122830438,received
GR-01124,PO-01373,2026-01-31,77983.74134044987,received
GR-01125,PO-01374,2026-03-01,35147.895216871526,received
GR-01126,PO-01375,2026-04-16,19696.790259799847,received
GR-01127,PO-01376,2026-03-26,36163.44236113769,received
GR-01128,PO-01377,2026-02-14,17008.232598652157,received
GR-01129,PO-01379,2026-03-25,16654.416813001546,received
GR-01130,PO-01380,2026-02-15,111344.96588078504,received
GR-01131,PO-01381,2026-04-16,10798.951684800119,received
GR-01132,PO-01382,2026-03-18,25192.31690037421,received
GR-01133,PO-01383,2026-02-20,30646.417074370052,received
GR-01134,PO-01385,2026-02-15,10467.367752830585,received
GR-01135,PO-01386,2026-03-27,17160.87591148984,received
GR-01136,PO-01388,2026-03-01,56833.850779866756,received
GR-01137,PO-01390,2026-02-17,16893.438990160947,received
GR-01138,PO-01391,2026-01-10,22207.60577102396,received
GR-01139,PO-01392,2026-03-06,130654.39232588447,received
GR-01140,PO-01394,2026-02-09,12917.073687378805,received
GR-01141,PO-01396,2026-02-03,28846.09319332563,received
GR-01142,PO-01397,2026-03-09,14334.75828409987,received
GR-01143,PO-01398,2026-04-04,45209.79747482311,received
GR-01144,PO-01399,2026-02-04,41411.16343297985,received
GR-01145,PO-01400,2026-03-05,19743.72619573843,received
GR-01146,PO-01402,2026-04-12,8813.961275818787,received
GR-01147,PO-01404,2026-02-14,27968.984765282785,received
GR-01148,PO-01405,2026-03-05,79557.8424545832,received
GR-01149,PO-01406,2026-02-23,15078.885159577938,received
GR-01150,PO-01407,2026-01-29,39092.993036522465,received
GR-01151,PO-01408,2026-04-15,40410.91907329985,received
GR-01152,PO-01409,2026-03-16,51447.25557500482,received
GR-01153,PO-01411,2026-03-16,39569.73361933187,received
GR-01154,PO-01412,2026-03-30,19625.498230466477,received
GR-01155,PO-01413,2026-03-12,43061.106762156596,received
GR-01156,PO-01415,2026-01-27,71387.78419091007,received
GR-01157,PO-01416,2026-02-24,11872.305358863112,received
GR-01158,PO-01417,2026-02-04,16305.353248356627,received
GR-01159,PO-01418,2026-04-05,33385.3794772168,received
GR-01160,PO-01419,2026-04-07,35619.524673948785,received
GR-01161,PO-01421,2026-04-05,14342.97650641624,received
GR-01162,PO-01422,2026-01-28,14337.288884086327,received
GR-01163,PO-01424,2026-02-13,109089.49977199314,received
GR-01164,PO-01425,2026-01-31,16026.327792120146,received
GR-01165,PO-01428,2026-04-14,28810.3507233024,received
GR-01166,PO-01429,2026-03-20,41360.91223636833,received
GR-01167,PO-01430,2026-04-23,4589.902766136869,received
GR-01168,PO-01431,2026-04-06,5185.971896291738,received
GR-01169,PO-01433,2026-02-15,11384.487796120316,received
GR-01170,PO-01435,2026-03-23,22206.227158699174,received
GR-01171,PO-01436,2026-01-27,26584.096873864884,received
GR-01172,PO-01439,2026-01-14,5545.511875901174,received
GR-01173,PO-01440,2026-03-03,21159.001442759873,received
GR-01174,PO-01441,2026-03-25,30088.360709552235,received
GR-01175,PO-01442,2026-01-17,38049.77832351649,received
GR-01176,PO-01443,2026-01-30,18095.647449110187,received
GR-01177,PO-01444,2026-02-14,41782.558938478964,received
GR-01178,PO-01445,2026-02-25,97784.04582573957,received
GR-01179,PO-01446,2026-04-20,34025.029671073826,received
GR-01180,PO-01447,2026-03-25,14730.00394033837,received
GR-01181,PO-01448,2026-02-11,29589.168772984864,received
GR-01182,PO-01449,2026-01-25,15895.54090420493,received
GR-01183,PO-01450,2026-04-08,85281.14689667424,received
