payment_id,invoice_id,supplier_id,payment_date,amount,status
PAY-00001,I-00001,S013,2026-02-19,19886.51,paid
PAY-00002,I-00002,S032,2026-05-05,10147.56,paid
PAY-00003,I-00003,S018,2026-04-28,33459.78,paid
PAY-00004,I-00004,S040,2026-04-02,16886.53,paid
PAY-00005,I-00005,S040,2026-03-26,9768.56,paid
PAY-00006,I-00006,S004,2026-03-26,74220.48,paid
PAY-00007,I-00007,S080,2026-04-15,33146.98,paid
PAY-00008,I-00008,S052,2026-04-29,9740.34,paid
PAY-00009,I-00009,S052,2026-05-10,5308.75,paid
PAY-00010,I-00010,S003,2026-04-06,8801.6,paid
PAY-00011,I-00011,S024,2026-03-06,41332.59,paid
PAY-00012,I-00012,S068,2026-03-05,21540.32,paid
PAY-00013,I-00013,S024,2026-03-11,25545.14,paid
PAY-00014,I-00014,S028,2026-04-22,17570.18,paid
PAY-00015,I-00015,S008,2026-04-18,6634.83,paid
PAY-00016,I-00016,S034,2026-01-25,20022.12,paid
PAY-00017,I-00017,S034,2026-02-06,30783.82,paid
PAY-00018,I-00018,S072,2026-03-23,37725.29,paid
PAY-00019,I-00019,S016,2026-03-18,31423.61,paid
PAY-00020,I-00020,S016,2026-03-16,42822.56,paid
PAY-00021,I-00021,S016,2026-04-08,11247.88,paid
PAY-00022,I-00022,S054,2026-02-15,106746.84,paid
PAY-00023,I-00023,S003,2026-04-04,21524.47,paid
PAY-00024,I-00024,S071,2026-03-06,34607.91,paid
PAY-00025,I-00025,S066,2026-03-31,45357.0,paid
PAY-00026,I-00026,S061,2026-03-22,3994.2,paid
PAY-00027,I-00027,S053,2026-02-09,86921.89,paid
PAY-00028,I-00028,S028,2026-04-15,27983.29,paid
PAY-00029,I-00029,S011,2026-03-12,8188.85,paid
PAY-00030,I-00030,S070,2026-02-18,20890.51,paid
PAY-00031,I-00031,S069,2026-02-23,181829.55,paid
PAY-00032,I-00032,S048,2026-03-09,22761.04,paid
PAY-00033,I-00033,S010,2026-05-07,9929.14,paid
PAY-00034,I-00034,S059,2026-02-12,23970.26,paid
PAY-00035,I-00035,S065,2026-03-16,35233.78,paid
PAY-00036,I-00036,S053,2026-02-23,17426.44,paid
PAY-00037,I-00037,S035,2026-02-28,17640.4,paid
PAY-00038,I-00038,S059,2026-02-21,61497.57,paid
PAY-00039,I-00039,S082,2026-03-21,25248.07,paid
PAY-00040,I-00040,S082,2026-04-06,22974.97,paid
PAY-00041,I-00041,S083,2026-03-28,26792.8,paid
PAY-00042,I-00042,S003,2026-04-05,8670.32,paid
PAY-00043,I-00043,S003,2026-04-08,16963.54,paid
PAY-00044,I-00044,S078,2026-02-01,20136.93,paid
PAY-00045,I-00045,S078,2026-02-28,9668.55,paid
PAY-00046,I-00046,S030,2026-03-18,19863.32,paid
PAY-00047,I-00047,S063,2026-03-29,26713.14,paid
PAY-00048,I-00048,S075,2026-03-08,29600.93,paid
PAY-00049,I-00049,S067,2026-03-30,75639.41,paid
PAY-00050,I-00050,S068,2026-04-22,11890.13,paid
PAY-00051,I-00051,S066,2026-03-26,51949.38,paid
PAY-00052,I-00052,S078,2026-03-06,86764.61,paid
PAY-00053,I-00053,S018,2026-02-28,14767.32,paid
PAY-00054,I-00054,S070,2026-03-20,30643.94,paid
PAY-00055,I-00055,S006,2026-02-23,32088.88,paid
PAY-00056,I-00056,S043,2026-04-12,24015.56,paid
PAY-00057,I-00057,S064,2026-03-08,19248.91,paid
PAY-00058,I-00058,S072,2026-02-20,13362.24,paid
PAY-00059,I-00059,S015,2026-05-06,5719.09,paid
PAY-00060,I-00060,S037,2026-02-03,40211.38,paid
PAY-00061,I-00061,S014,2026-03-18,2722.3,paid
PAY-00062,I-00062,S011,2026-03-10,38437.91,paid
PAY-00063,I-00063,S011,2026-02-08,51043.01,paid
PAY-00064,I-00064,S020,2026-02-25,8986.03,paid
PAY-00065,I-00065,S020,2026-02-01,4069.22,paid
PAY-00066,I-00066,S043,2026-04-05,39894.17,paid
PAY-00067,I-00067,S006,2026-04-13,44380.14,paid
PAY-00068,I-00068,S064,2026-03-01,44415.42,paid
PAY-00069,I-00069,S004,2026-04-05,19709.2,paid
PAY-00070,I-00070,S014,2026-01-18,34379.63,paid
PAY-00071,I-00071,S022,2026-05-06,30999.95,paid
PAY-00072,I-00072,S066,2026-04-18,8362.88,paid
PAY-00073,I-00073,S066,2026-04-12,6922.98,paid
PAY-00074,I-00074,S070,2026-03-30,18609.18,paid
PAY-00075,I-00075,S050,2026-04-03,42383.08,paid
PAY-00076,I-00076,S084,2026-02-12,18432.2,paid
PAY-00077,I-00077,S061,2026-03-07,36880.88,paid
PAY-00078,I-00078,S073,2026-03-05,28747.3,paid
PAY-00079,I-00079,S074,2026-03-15,22834.48,paid
PAY-00080,I-00080,S061,2026-02-05,29150.17,paid
PAY-00081,I-00081,S078,2026-03-17,34160.28,paid
PAY-00082,I-00082,S036,2026-03-15,28300.94,paid
PAY-00083,I-00083,S071,2026-02-27,30585.2,paid
PAY-00084,I-00084,S077,2026-03-01,43674.91,paid
PAY-00085,I-00085,S023,2026-02-01,23986.97,paid
PAY-00086,I-00086,S049,2026-04-20,31278.56,paid
PAY-00087,I-00087,S081,2026-05-01,23572.6,paid
PAY-00088,I-00088,S080,2026-04-10,35988.97,paid
PAY-00089,I-00089,S056,2026-03-14,24878.06,paid
PAY-00090,I-00090,S059,2026-05-07,29280.16,paid
PAY-00091,I-00091,S059,2026-04-28,15340.3,paid
PAY-00092,I-00092,S059,2026-04-12,58825.76,paid
PAY-00093,I-00093,S012,2026-02-15,10194.54,paid
PAY-00094,I-00094,S012,2026-03-22,72010.51,paid
PAY-00095,I-00095,S024,2026-03-13,22113.48,paid
PAY-00096,I-00096,S024,2026-03-06,39888.42,paid
PAY-00097,I-00097,S014,2026-02-27,15680.3,paid
PAY-00098,I-00098,S040,2026-04-17,144696.09,paid
PAY-00099,I-00099,S027,2026-03-20,31845.95,paid
PAY-00100,I-00100,S032,2026-05-02,39026.17,paid
PAY-00101,I-00101,S060,2026-04-19,89065.18,paid
PAY-00102,I-00102,S046,2026-03-08,17402.15,paid
PAY-00103,I-00103,S070,2026-03-04,12436.25,paid
PAY-00104,I-00104,S023,2026-04-12,21471.3,paid
PAY-00105,I-00105,S014,2026-02-25,30509.39,paid
PAY-00106,I-00106,S005,2026-05-03,35559.71,paid
PAY-00107,I-00107,S025,2026-03-21,30340.48,paid
PAY-00108,I-00108,S025,2026-03-27,13870.55,paid
PAY-00109,I-00109,S082,2026-03-03,88697.59,paid
PAY-00110,I-00110,S038,2026-02-13,8319.72,paid
PAY-00111,I-00111,S038,2026-02-27,7354.15,paid
PAY-00112,I-00112,S025,2026-02-23,11541.95,paid
PAY-00113,I-00113,S018,2026-02-13,33661.02,paid
PAY-00114,I-00114,S047,2026-05-08,26489.17,paid
PAY-00115,I-00115,S036,2026-03-26,25631.57,paid
PAY-00116,I-00116,S010,2026-02-28,10366.44,paid
PAY-00117,I-00117,S026,2026-02-09,43154.17,paid
PAY-00118,I-00118,S043,2026-02-28,23889.17,paid
PAY-00119,I-00119,S043,2026-02-13,18735.33,paid
PAY-00120,I-00120,S033,2026-04-04,7907.73,paid
PAY-00121,I-00121,S033,2026-03-14,14163.38,paid
PAY-00122,I-00122,S083,2026-03-06,180562.05,paid
PAY-00123,I-00123,S016,2026-03-18,11744.76,paid
PAY-00124,I-00124,S055,2026-03-15,55084.86,paid
PAY-00125,I-00125,S077,2026-03-18,17975.31,paid
PAY-00126,I-00126,S024,2026-03-04,14793.37,paid
PAY-00127,I-00127,S006,2026-05-16,11866.86,paid
PAY-00128,I-00128,S068,2026-03-05,35844.83,paid
PAY-00129,I-00129,S068,2026-03-31,19620.82,paid
PAY-00130,I-00130,S041,2026-04-20,17603.35,paid
PAY-00131,I-00131,S036,2026-04-14,19192.2,paid
PAY-00132,I-00132,S072,2026-02-08,20303.59,paid
PAY-00133,I-00133,S076,2026-01-25,36368.64,paid
PAY-00134,I-00134,S040,2026-03-24,61467.98,paid
PAY-00135,I-00135,S014,2026-02-08,34594.36,paid
PAY-00136,I-00136,S040,2026-01-28,66334.45,paid
PAY-00137,I-00137,S044,2026-04-07,71228.1,paid
PAY-00138,I-00138,S066,2026-04-21,20546.79,paid
PAY-00139,I-00139,S075,2026-02-27,34961.71,paid
PAY-00140,I-00140,S066,2026-03-11,52102.83,paid
PAY-00141,I-00141,S052,2026-03-07,47217.69,paid
PAY-00142,I-00142,S051,2026-03-31,30557.22,paid
PAY-00143,I-00143,S059,2026-03-10,84817.75,paid
PAY-00144,I-00144,S079,2026-04-08,24078.75,paid
PAY-00145,I-00145,S067,2026-05-04,17118.58,paid
PAY-00146,I-00146,S067,2026-05-18,7350.47,paid
PAY-00147,I-00147,S072,2026-03-15,36727.35,paid
PAY-00148,I-00148,S019,2026-04-04,25469.55,paid
PAY-00149,I-00149,S060,2026-04-09,14213.29,paid
PAY-00150,I-00150,S068,2026-02-23,61541.34,paid
PAY-00151,I-00151,S051,2026-02-07,29474.67,paid
PAY-00152,I-00152,S026,2026-02-10,57016.47,paid
PAY-00153,I-00153,S061,2026-02-19,66627.85,paid
PAY-00154,I-00154,S072,2026-01-27,12450.15,paid
PAY-00155,I-00155,S023,2026-02-22,43136.81,paid
PAY-00156,I-00156,S084,2026-04-12,20908.88,paid
PAY-00157,I-00157,S082,2026-03-11,35215.65,paid
PAY-00158,I-00158,S067,2026-03-30,45435.05,paid
PAY-00159,I-00159,S050,2026-03-29,17864.36,paid
PAY-00160,I-00160,S021,2026-04-01,14926.36,paid
PAY-00161,I-00161,S012,2026-03-19,29568.54,paid
PAY-00162,I-00162,S074,2026-04-03,23715.42,paid
PAY-00163,I-00163,S022,2026-04-11,20614.09,paid
PAY-00164,I-00164,S040,2026-04-16,37176.34,paid
PAY-00165,I-00165,S050,2026-03-21,26480.37,paid
PAY-00166,I-00166,S070,2026-03-26,41243.71,paid
PAY-00167,I-00167,S075,2026-04-09,46021.73,paid
PAY-00168,I-00168,S064,2026-02-22,6119.74,paid
PAY-00169,I-00169,S064,2026-02-07,12148.63,paid
PAY-00170,I-00170,S080,2026-03-10,20429.19,paid
PAY-00171,I-00171,S028,2026-04-16,36403.29,paid
PAY-00172,I-00172,S057,2026-02-21,34641.21,paid
PAY-00173,I-00173,S039,2026-03-30,22057.27,paid
PAY-00174,I-00174,S039,2026-04-11,10948.22,paid
PAY-00175,I-00175,S028,2026-02-16,80375.8,paid
PAY-00176,I-00176,S029,2026-02-22,84066.02,paid
PAY-00177,I-00177,S082,2026-03-01,9332.36,paid
PAY-00178,I-00178,S065,2026-02-19,30169.7,paid
PAY-00179,I-00179,S055,2026-02-09,24928.92,paid
PAY-00180,I-00180,S047,2026-03-13,14756.77,paid
PAY-00181,I-00181,S001,2026-03-13,9575.24,paid
PAY-00182,I-00182,S010,2026-05-12,2038.58,paid
PAY-00183,I-00183,S010,2026-05-08,4235.74,paid
PAY-00184,I-00184,S037,2026-03-30,23499.31,paid
PAY-00185,I-00185,S032,2026-02-20,11414.34,paid
PAY-00186,I-00186,S032,2026-02-12,9299.77,paid
PAY-00187,I-00187,S071,2026-03-11,32994.05,paid
PAY-00188,I-00188,S049,2026-04-16,22973.5,paid
PAY-00189,I-00189,S002,2026-04-24,47424.13,paid
PAY-00190,I-00190,S042,2026-03-24,60977.8,paid
PAY-00191,I-00191,S052,2026-04-05,17195.63,paid
PAY-00192,I-00192,S070,2026-04-17,18982.98,paid
PAY-00193,I-00193,S036,2026-04-23,21039.33,paid
PAY-00194,I-00194,S036,2026-03-19,48070.71,paid
PAY-00195,I-00195,S067,2026-02-22,15347.66,paid
PAY-00196,I-00196,S075,2026-03-22,90572.61,paid
PAY-00197,I-00197,S036,2026-02-20,116067.7,paid
PAY-00198,I-00198,S065,2026-03-08,21888.57,paid
PAY-00199,I-00199,S057,2026-04-20,29870.5,paid
PAY-00200,I-00200,S016,2026-04-24,36697.57,paid
PAY-00201,I-00201,S083,2026-04-22,11660.52,paid
PAY-00202,I-00202,S034,2026-02-21,115548.49,paid
PAY-00203,I-00203,S018,2026-04-09,6299.35,paid
PAY-00204,I-00204,S059,2026-03-23,26741.64,paid
PAY-00205,I-00205,S039,2026-04-28,21529.86,paid
PAY-00206,I-00206,S023,2026-04-15,111506.96,paid
PAY-00207,I-00207,S036,2026-03-06,29359.55,paid
PAY-00208,I-00208,S040,2026-03-10,10098.31,paid
PAY-00209,I-00209,S063,2026-03-15,39846.98,paid
PAY-00210,I-00210,S036,2026-03-09,34240.67,paid
PAY-00211,I-00211,S066,2026-04-25,68003.45,paid
PAY-00212,I-00212,S010,2026-03-28,8163.35,paid
PAY-00213,I-00213,S039,2026-03-16,54982.43,paid
PAY-00214,I-00214,S079,2026-03-23,58437.49,paid
PAY-00215,I-00215,S042,2026-04-20,17380.99,paid
PAY-00216,I-00216,S047,2026-02-17,8652.32,paid
PAY-00217,I-00217,S047,2026-03-05,5719.82,paid
PAY-00218,I-00218,S033,2026-04-13,17419.01,paid
PAY-00219,I-00219,S001,2026-05-02,58009.39,paid
PAY-00220,I-00220,S034,2026-03-23,48174.09,paid
PAY-00221,I-00221,S080,2026-04-24,19564.16,paid
PAY-00222,I-00222,S072,2026-02-11,50661.95,paid
PAY-00223,I-00223,S007,2026-05-17,67129.12,paid
PAY-00224,I-00224,S024,2026-03-11,21985.08,paid
PAY-00225,I-00225,S069,2026-03-27,62299.13,paid
PAY-00226,I-00226,S082,2026-03-11,20492.06,paid
PAY-00227,I-00227,S018,2026-02-26,21164.83,paid
PAY-00228,I-00228,S085,2026-02-06,24718.0,paid
PAY-00229,I-00229,S067,2026-04-23,33344.37,paid
PAY-00230,I-00230,S004,2026-02-15,6398.09,paid
PAY-00231,I-00231,S058,2026-04-23,12891.2,paid
PAY-00232,I-00232,S008,2026-03-03,5233.13,paid
PAY-00233,I-00233,S006,2026-05-01,42031.95,paid
PAY-00234,I-00234,S061,2026-04-30,65265.55,paid
PAY-00235,I-00235,S002,2026-03-20,74754.28,paid
PAY-00236,I-00236,S069,2026-03-27,6812.69,paid
PAY-00237,I-00237,S062,2026-03-31,27916.73,paid
PAY-00238,I-00238,S030,2026-03-30,11741.98,paid
PAY-00239,I-00239,S042,2026-03-13,3488.09,paid
PAY-00240,I-00240,S042,2026-03-22,6953.72,paid
PAY-00241,I-00241,S050,2026-03-25,18006.07,paid
PAY-00242,I-00242,S049,2026-02-25,10820.39,paid
PAY-00243,I-00243,S077,2026-05-04,112582.04,paid
PAY-00244,I-00244,S002,2026-03-29,9526.53,paid
PAY-00245,I-00245,S078,2026-01-25,13403.85,paid
PAY-00246,I-00246,S020,2026-02-08,23697.72,paid
PAY-00247,I-00247,S015,2026-03-19,27774.47,paid
PAY-00248,I-00248,S062,2026-03-23,27228.38,paid
PAY-00249,I-00249,S024,2026-02-26,11603.29,paid
PAY-00250,I-00250,S074,2026-04-24,31622.22,paid
PAY-00251,I-00251,S011,2026-04-01,32332.49,paid
PAY-00252,I-00252,S052,2026-05-05,43786.46,paid
PAY-00253,I-00253,S023,2026-03-11,23576.62,paid
PAY-00254,I-00254,S047,2026-02-27,51992.6,paid
PAY-00255,I-00255,S059,2026-03-04,3317.54,paid
PAY-00256,I-00256,S059,2026-02-27,6440.68,paid
PAY-00257,I-00257,S079,2026-03-19,66716.95,paid
PAY-00258,I-00258,S064,2026-03-30,48491.57,paid
PAY-00259,I-00259,S052,2026-02-18,33535.72,paid
PAY-00260,I-00260,S024,2026-03-26,37023.5,paid
PAY-00261,I-00261,S082,2026-04-16,52890.74,paid
PAY-00262,I-00262,S009,2026-04-02,48508.97,paid
PAY-00263,I-00263,S085,2026-02-26,12869.46,paid
PAY-00264,I-00264,S027,2026-04-13,58109.31,paid
PAY-00265,I-00265,S024,2026-02-18,31228.45,paid
PAY-00266,I-00266,S014,2026-04-09,60461.48,paid
PAY-00267,I-00267,S042,2026-04-01,35453.8,paid
PAY-00268,I-00268,S015,2026-04-30,13446.22,paid
PAY-00269,I-00269,S014,2026-02-19,12460.18,paid
PAY-00270,I-00270,S034,2026-03-07,22103.61,paid
PAY-00271,I-00271,S034,2026-04-04,14093.93,paid
PAY-00272,I-00272,S029,2026-02-26,57450.51,paid
PAY-00273,I-00273,S063,2026-03-14,6105.73,paid
PAY-00274,I-00274,S063,2026-03-20,3329.72,paid
PAY-00275,I-00275,S076,2026-03-08,21067.51,paid
PAY-00276,I-00276,S008,2026-05-14,56190.16,paid
PAY-00277,I-00277,S049,2026-03-22,20766.62,paid
PAY-00278,I-00278,S049,2026-01-29,93427.44,paid
PAY-00279,I-00279,S002,2026-04-15,42883.14,paid
PAY-00280,I-00280,S058,2026-02-20,62906.93,paid
PAY-00281,I-00281,S008,2026-02-21,16646.72,paid
PAY-00282,I-00282,S083,2026-02-27,96383.68,paid
PAY-00283,I-00283,S049,2026-03-20,46016.42,paid
PAY-00284,I-00284,S063,2026-04-28,35527.33,paid
PAY-00285,I-00285,S064,2026-04-19,28362.11,paid
PAY-00286,I-00286,S064,2026-04-26,18675.01,paid
PAY-00287,I-00287,S048,2026-03-21,16408.63,paid
PAY-00288,I-00288,S048,2026-03-13,17266.02,paid
PAY-00289,I-00289,S003,2026-02-21,72646.52,paid
PAY-00290,I-00290,S025,2026-04-01,25982.57,paid
PAY-00291,I-00291,S081,2026-03-11,23315.0,paid
PAY-00292,I-00292,S053,2026-04-25,24581.61,paid
PAY-00293,I-00293,S053,2026-03-27,12984.48,paid
PAY-00294,I-00294,S053,2026-04-02,19806.17,paid
PAY-00295,I-00295,S077,2026-03-04,29409.88,paid
PAY-00296,I-00296,S028,2026-04-20,7656.53,paid
PAY-00297,I-00297,S005,2026-04-18,60613.72,paid
PAY-00298,I-00298,S063,2026-03-17,14416.11,paid
PAY-00299,I-00299,S022,2026-03-07,19855.74,paid
PAY-00300,I-00300,S018,2026-02-17,21726.9,paid
PAY-00301,I-00301,S018,2026-03-16,47737.93,paid
PAY-00302,I-00302,S013,2026-03-01,6345.44,paid
PAY-00303,I-00303,S083,2026-02-12,10476.93,paid
PAY-00304,I-00304,S019,2026-05-06,149507.53,paid
PAY-00305,I-00305,S039,2026-02-20,70043.48,paid
PAY-00306,I-00306,S052,2026-04-04,93195.74,paid
PAY-00307,I-00307,S056,2026-02-16,22952.11,paid
PAY-00308,I-00308,S085,2026-04-21,65840.65,paid
PAY-00309,I-00309,S004,2026-03-03,23946.56,paid
PAY-00310,I-00310,S002,2026-03-20,20296.68,paid
PAY-00311,I-00311,S003,2026-04-15,7717.53,paid
PAY-00312,I-00312,S032,2026-03-18,26058.71,paid
PAY-00313,I-00313,S061,2026-03-21,22843.64,paid
PAY-00314,I-00314,S035,2026-04-18,5805.16,paid
PAY-00315,I-00315,S069,2026-04-25,14040.52,paid
PAY-00316,I-00316,S054,2026-02-15,7120.05,paid
PAY-00317,I-00317,S054,2026-02-28,15282.6,paid
PAY-00318,I-00318,S079,2026-04-20,12277.93,paid
PAY-00319,I-00319,S043,2026-04-17,46581.15,paid
PAY-00320,I-00320,S060,2026-03-10,21912.95,paid
PAY-00321,I-00321,S050,2026-02-15,34128.54,paid
PAY-00322,I-00322,S047,2026-03-20,63217.4,paid
PAY-00323,I-00323,S065,2026-02-27,35701.95,paid
PAY-00324,I-00324,S030,2026-04-16,10548.93,paid
PAY-00325,I-00325,S063,2026-02-25,44606.44,paid
PAY-00326,I-00326,S064,2026-04-14,18323.23,paid
PAY-00327,I-00327,S007,2026-03-22,8626.26,paid
PAY-00328,I-00328,S071,2026-04-17,7297.45,paid
PAY-00329,I-00329,S071,2026-04-16,16433.86,paid
PAY-00330,I-00330,S058,2026-05-07,38031.17,paid
PAY-00331,I-00331,S062,2026-04-06,36504.2,paid
PAY-00332,I-00332,S033,2026-02-13,8789.81,paid
PAY-00333,I-00333,S060,2026-02-24,27926.48,paid
PAY-00334,I-00334,S034,2026-01-29,55710.37,paid
PAY-00335,I-00335,S054,2026-02-24,17187.5,paid
PAY-00336,I-00336,S015,2026-02-12,27781.87,paid
PAY-00337,I-00337,S084,2026-02-10,28953.03,paid
PAY-00338,I-00338,S023,2026-02-07,31207.73,paid
PAY-00339,I-00339,S056,2026-03-12,60590.4,paid
PAY-00340,I-00340,S006,2026-03-20,30499.17,paid
PAY-00341,I-00341,S013,2026-03-20,5267.27,paid
PAY-00342,I-00342,S013,2026-03-13,5904.54,paid
PAY-00343,I-00343,S051,2026-05-04,13193.26,paid
PAY-00344,I-00344,S034,2026-02-06,32555.31,paid
PAY-00345,I-00345,S065,2026-02-22,6780.46,paid
PAY-00346,I-00346,S016,2026-04-19,18969.24,paid
PAY-00347,I-00347,S016,2026-04-28,8719.15,paid
PAY-00348,I-00348,S042,2026-02-22,29410.46,paid
PAY-00349,I-00349,S033,2026-04-06,39176.2,paid
PAY-00350,I-00350,S002,2026-02-07,20765.69,paid
PAY-00351,I-00351,S082,2026-02-18,29060.58,paid
PAY-00352,I-00352,S052,2026-05-02,16432.32,paid
PAY-00353,I-00353,S061,2026-03-06,15915.56,paid
PAY-00354,I-00354,S016,2026-03-27,53917.31,paid
PAY-00355,I-00355,S064,2026-03-15,18459.95,paid
PAY-00356,I-00356,S045,2026-03-04,35070.24,paid
PAY-00357,I-00357,S038,2026-03-03,60788.71,paid
PAY-00358,I-00358,S032,2026-04-23,87802.68,paid
PAY-00359,I-00359,S001,2026-04-21,76953.14,paid
PAY-00360,I-00360,S045,2026-02-24,17845.96,paid
PAY-00361,I-00361,S014,2026-04-18,9427.69,paid
PAY-00362,I-00362,S039,2026-03-07,22272.22,paid
PAY-00363,I-00363,S044,2026-02-21,19718.56,paid
PAY-00364,I-00364,S070,2026-05-01,26125.95,paid
PAY-00365,I-00365,S023,2026-04-08,22734.37,paid
PAY-00366,I-00366,S081,2026-02-20,24986.7,paid
PAY-00367,I-00367,S009,2026-04-26,7506.03,paid
PAY-00368,I-00368,S018,2026-02-18,34553.92,paid
PAY-00369,I-00369,S045,2026-02-25,103521.07,paid
PAY-00370,I-00370,S041,2026-04-03,96666.33,paid
PAY-00371,I-00371,S026,2026-02-22,42009.78,paid
PAY-00372,I-00372,S035,2026-02-25,45463.64,paid
PAY-00373,I-00373,S032,2026-03-10,15875.87,paid
PAY-00374,I-00374,S005,2026-03-25,19826.59,paid
PAY-00375,I-00375,S025,2026-03-20,132587.25,paid
PAY-00376,I-00376,S085,2026-03-01,34637.26,paid
PAY-00377,I-00377,S006,2026-04-27,39875.43,paid
PAY-00378,I-00378,S006,2026-04-30,28670.4,paid
PAY-00379,I-00379,S030,2026-03-28,29569.87,paid
PAY-00380,I-00380,S037,2026-01-24,41269.13,paid
PAY-00381,I-00381,S063,2026-02-15,48228.58,paid
PAY-00382,I-00382,S025,2026-03-14,44046.74,paid
PAY-00383,I-00383,S012,2026-03-07,13087.25,paid
PAY-00384,I-00384,S038,2026-02-15,23380.73,paid
PAY-00385,I-00385,S037,2026-02-17,127624.34,paid
PAY-00386,I-00386,S001,2026-02-22,27172.61,paid
PAY-00387,I-00387,S036,2026-02-06,65505.61,paid
PAY-00388,I-00388,S064,2026-02-19,25442.7,paid
PAY-00389,I-00389,S012,2026-04-23,11701.16,paid
PAY-00390,I-00390,S028,2026-04-19,15428.73,paid
PAY-00391,I-00391,S081,2026-05-13,9464.03,paid
PAY-00392,I-00392,S008,2026-03-05,7543.61,paid
PAY-00393,I-00393,S036,2026-03-21,21750.15,paid
PAY-00394,I-00394,S016,2026-05-06,16139.4,paid
PAY-00395,I-00395,S029,2026-04-04,10217.11,paid
PAY-00396,I-00396,S029,2026-03-18,15581.21,paid
PAY-00397,I-00397,S043,2026-03-07,17949.02,paid
PAY-00398,I-00398,S058,2026-04-10,38692.09,paid
PAY-00399,I-00399,S059,2026-04-02,13844.17,paid
PAY-00400,I-00400,S059,2026-04-12,25533.21,paid
PAY-00401,I-00401,S076,2026-03-16,29797.06,paid
PAY-00402,I-00402,S082,2026-01-25,55607.55,paid
PAY-00403,I-00403,S073,2026-05-10,28607.99,paid
PAY-00404,I-00404,S028,2026-03-25,14741.3,paid
PAY-00405,I-00405,S028,2026-03-30,17683.82,paid
PAY-00406,I-00406,S041,2026-02-16,13368.24,paid
PAY-00407,I-00407,S067,2026-02-07,16652.41,paid
PAY-00408,I-00408,S058,2026-04-02,25953.73,paid
PAY-00409,I-00409,S035,2026-03-14,20594.36,paid
PAY-00410,I-00410,S082,2026-04-03,30186.78,paid
PAY-00411,I-00411,S082,2026-04-19,64488.38,paid
PAY-00412,I-00412,S059,2026-03-21,41068.31,paid
PAY-00413,I-00413,S041,2026-03-15,44113.84,paid
PAY-00414,I-00414,S060,2026-02-24,12078.69,paid
PAY-00415,I-00415,S060,2026-03-07,12369.93,paid
PAY-00416,I-00416,S053,2026-04-15,36048.09,paid
PAY-00417,I-00417,S057,2026-02-15,80121.31,paid
PAY-00418,I-00418,S055,2026-02-12,16948.15,paid
PAY-00419,I-00419,S031,2026-01-21,64999.81,paid
PAY-00420,I-00420,S001,2026-02-18,9649.08,paid
PAY-00421,I-00421,S013,2026-03-16,40858.27,paid
PAY-00422,I-00422,S071,2026-04-19,18803.79,paid
PAY-00423,I-00423,S071,2026-04-28,36841.8,paid
PAY-00424,I-00424,S048,2026-04-22,33619.32,paid
PAY-00425,I-00425,S048,2026-04-30,21326.69,paid
PAY-00426,I-00426,S030,2026-03-20,53054.47,paid
PAY-00427,I-00427,S043,2026-04-11,9885.58,paid
PAY-00428,I-00428,S061,2026-04-03,8579.73,paid
PAY-00429,I-00429,S061,2026-04-02,12932.73,paid
PAY-00430,I-00430,S010,2026-03-14,85378.04,paid
PAY-00431,I-00431,S039,2026-02-09,57822.66,paid
PAY-00432,I-00432,S009,2026-03-18,17755.76,paid
PAY-00433,I-00433,S070,2026-04-26,16329.04,paid
PAY-00434,I-00434,S007,2026-05-04,37931.79,paid
PAY-00435,I-00435,S059,2026-03-22,10362.79,paid
PAY-00436,I-00436,S059,2026-04-03,14862.34,paid
PAY-00437,I-00437,S017,2026-04-25,23955.36,paid
PAY-00438,I-00438,S020,2026-03-21,16414.3,paid
PAY-00439,I-00439,S061,2026-02-24,33372.37,paid
PAY-00440,I-00440,S051,2026-03-25,49184.7,paid
PAY-00441,I-00441,S069,2026-05-16,27410.81,paid
PAY-00442,I-00442,S018,2026-05-04,44759.47,paid
PAY-00443,I-00443,S038,2026-05-07,27475.88,paid
PAY-00444,I-00444,S006,2026-02-26,177976.9,paid
PAY-00445,I-00445,S064,2026-02-10,43594.63,paid
PAY-00446,I-00446,S060,2026-02-16,72364.3,paid
PAY-00447,I-00447,S075,2026-03-23,8617.9,paid
PAY-00448,I-00448,S021,2026-03-13,17279.31,paid
PAY-00449,I-00449,S031,2026-03-04,24167.06,paid
PAY-00450,I-00450,S046,2026-03-30,15355.68,paid
PAY-00451,I-00451,S078,2026-04-14,6019.71,paid
PAY-00452,I-00452,S017,2026-02-24,12937.8,paid
PAY-00453,I-00453,S017,2026-02-26,8134.57,paid
PAY-00454,I-00454,S084,2026-05-15,83841.08,paid
PAY-00455,I-00455,S011,2026-03-08,37281.49,paid
PAY-00456,I-00456,S056,2026-04-11,39474.0,paid
PAY-00457,I-00457,S053,2026-02-20,55319.26,paid
PAY-00458,I-00458,S037,2026-05-11,23528.97,paid
PAY-00459,I-00459,S080,2026-02-26,61273.65,paid
PAY-00460,I-00460,S042,2026-04-30,29172.1,paid
PAY-00461,I-00461,S004,2026-02-24,43792.14,paid
PAY-00462,I-00462,S046,2026-03-16,13555.09,paid
PAY-00463,I-00463,S036,2026-04-20,28501.41,paid
PAY-00464,I-00464,S044,2026-03-01,36042.27,paid
PAY-00465,I-00465,S066,2026-02-25,16187.73,paid
PAY-00466,I-00466,S054,2026-02-18,12821.3,paid
PAY-00467,I-00467,S012,2026-02-12,4829.47,paid
PAY-00468,I-00468,S012,2026-01-25,3903.28,paid
PAY-00469,I-00469,S036,2026-01-31,36264.14,paid
PAY-00470,I-00470,S006,2026-03-28,31799.67,paid
PAY-00471,I-00471,S028,2026-05-01,50968.18,paid
PAY-00472,I-00472,S017,2026-03-30,40236.76,paid
PAY-00473,I-00473,S015,2026-02-22,106135.59,paid
PAY-00474,I-00474,S077,2026-05-06,33829.0,paid
PAY-00475,I-00475,S001,2026-05-06,49521.39,paid
PAY-00476,I-00476,S038,2026-03-07,34824.77,paid
PAY-00477,I-00477,S036,2026-04-12,17678.6,paid
PAY-00478,I-00478,S036,2026-03-21,12278.34,paid
PAY-00479,I-00479,S034,2026-04-08,19672.85,paid
PAY-00480,I-00480,S028,2026-05-22,42265.98,paid
PAY-00481,I-00481,S012,2026-03-22,28540.19,paid
PAY-00482,I-00482,S022,2026-03-24,13183.14,paid
PAY-00483,I-00483,S083,2026-02-21,30579.74,paid
PAY-00484,I-00484,S007,2026-02-14,12798.54,paid
PAY-00485,I-00485,S019,2026-04-02,30989.42,paid
PAY-00486,I-00486,S028,2026-04-06,58425.56,paid
PAY-00487,I-00487,S078,2026-02-26,45015.84,paid
PAY-00488,I-00488,S021,2026-02-06,10587.79,paid
PAY-00489,I-00489,S057,2026-04-15,9657.76,paid
PAY-00490,I-00490,S078,2026-04-13,4955.1,paid
PAY-00491,I-00491,S028,2026-04-23,20890.67,paid
PAY-00492,I-00492,S046,2026-04-13,26410.95,paid
PAY-00493,I-00493,S073,2026-03-20,7461.9,paid
PAY-00494,I-00494,S031,2026-02-12,17155.35,paid
PAY-00495,I-00495,S029,2026-05-05,7780.89,paid
PAY-00496,I-00496,S064,2026-02-15,17038.55,paid
PAY-00497,I-00497,S024,2026-03-23,60286.66,paid
PAY-00498,I-00498,S043,2026-03-31,29604.12,paid
PAY-00499,I-00499,S038,2026-02-12,82536.93,paid
PAY-00500,I-00500,S037,2026-02-23,43427.83,paid
PAY-00501,I-00501,S075,2026-02-07,19512.29,paid
PAY-00502,I-00502,S045,2026-04-20,25223.53,paid
PAY-00503,I-00503,S045,2026-04-12,55507.05,paid
PAY-00504,I-00504,S007,2026-05-17,49940.81,paid
PAY-00505,I-00505,S059,2026-05-12,8029.42,paid
PAY-00506,I-00506,S003,2026-04-08,21012.75,paid
PAY-00507,I-00507,S001,2026-04-15,15964.23,paid
PAY-00508,I-00508,S072,2026-02-15,23053.74,paid
PAY-00509,I-00509,S070,2026-01-25,33505.74,paid
PAY-00510,I-00510,S032,2026-02-07,59069.04,paid
PAY-00511,I-00511,S066,2026-03-31,32376.67,paid
PAY-00512,I-00512,S027,2026-02-04,21883.52,paid
PAY-00513,I-00513,S030,2026-04-21,50333.63,paid
PAY-00514,I-00514,S001,2026-02-04,21908.23,paid
PAY-00515,I-00515,S016,2026-03-10,27942.13,paid
PAY-00516,I-00516,S016,2026-03-02,13956.44,paid
PAY-00517,I-00517,S019,2026-04-11,23276.18,paid
PAY-00518,I-00518,S017,2026-04-05,65180.54,paid
PAY-00519,I-00519,S070,2026-02-28,28563.3,paid
PAY-00520,I-00520,S085,2026-02-20,18280.8,paid
PAY-00521,I-00521,S045,2026-04-23,11111.57,paid
PAY-00522,I-00522,S032,2026-03-15,29399.6,paid
PAY-00523,I-00523,S003,2026-03-06,19070.76,paid
PAY-00524,I-00524,S037,2026-03-18,69585.32,paid
PAY-00525,I-00525,S015,2026-05-17,41843.64,paid
PAY-00526,I-00526,S053,2026-02-12,32337.23,paid
PAY-00527,I-00527,S024,2026-03-14,21646.68,paid
PAY-00528,I-00528,S043,2026-02-10,41245.33,paid
PAY-00529,I-00529,S085,2026-02-15,13549.35,paid
PAY-00530,I-00530,S068,2026-05-01,6591.83,paid
PAY-00531,I-00531,S050,2026-03-31,11173.77,paid
PAY-00532,I-00532,S015,2026-05-10,28487.8,paid
PAY-00533,I-00533,S039,2026-03-28,118863.91,paid
PAY-00534,I-00534,S002,2026-02-13,57414.47,paid
PAY-00535,I-00535,S020,2026-04-12,30007.92,paid
PAY-00536,I-00536,S060,2026-02-17,21913.04,paid
PAY-00537,I-00537,S051,2026-04-09,22018.89,paid
PAY-00538,I-00538,S002,2026-03-21,26121.46,paid
PAY-00539,I-00539,S068,2026-02-10,23299.47,paid
PAY-00540,I-00540,S080,2026-02-16,71355.11,paid
PAY-00541,I-00541,S044,2026-03-12,8378.61,paid
PAY-00542,I-00542,S069,2026-04-27,58713.73,paid
PAY-00543,I-00543,S069,2026-02-28,20392.14,paid
PAY-00544,I-00544,S029,2026-04-08,11601.03,paid
PAY-00545,I-00545,S077,2026-04-03,11968.05,paid
PAY-00546,I-00546,S077,2026-03-31,5274.85,paid
PAY-00547,I-00547,S035,2026-03-06,24466.57,paid
PAY-00548,I-00548,S040,2026-02-06,68500.5,paid
PAY-00549,I-00549,S069,2026-05-02,16452.18,paid
PAY-00550,I-00550,S077,2026-02-21,76962.08,paid
PAY-00551,I-00551,S070,2026-04-22,17654.09,paid
PAY-00552,I-00552,S007,2026-05-07,73945.27,paid
PAY-00553,I-00553,S040,2026-05-05,21888.95,paid
PAY-00554,I-00554,S047,2026-02-15,132998.18,paid
PAY-00555,I-00555,S070,2026-02-23,47839.55,paid
PAY-00556,I-00556,S063,2026-05-19,22742.7,paid
PAY-00557,I-00557,S024,2026-03-30,91646.95,paid
PAY-00558,I-00558,S052,2026-02-16,30301.61,paid
PAY-00559,I-00559,S074,2026-04-17,5723.42,paid
PAY-00560,I-00560,S074,2026-05-10,6357.35,paid
PAY-00561,I-00561,S073,2026-03-30,21853.96,paid
PAY-00562,I-00562,S028,2026-02-28,10351.68,paid
PAY-00563,I-00563,S040,2026-04-12,11252.34,paid
PAY-00564,I-00564,S053,2026-02-07,53012.19,paid
PAY-00565,I-00565,S004,2026-04-09,32227.18,paid
PAY-00566,I-00566,S013,2026-03-27,15422.19,paid
PAY-00567,I-00567,S030,2026-04-09,37766.35,paid
PAY-00568,I-00568,S010,2026-03-15,15695.92,paid
PAY-00569,I-00569,S038,2026-03-31,32687.54,paid
PAY-00570,I-00570,S057,2026-03-09,32702.52,paid
PAY-00571,I-00571,S063,2026-02-05,51261.69,paid
PAY-00572,I-00572,S023,2026-03-27,4389.62,paid
PAY-00573,I-00573,S017,2026-02-23,38093.95,paid
PAY-00574,I-00574,S014,2026-01-19,73202.63,paid
PAY-00575,I-00575,S071,2026-03-13,69556.47,paid
PAY-00576,I-00576,S052,2026-02-09,49099.49,paid
PAY-00577,I-00577,S016,2026-04-12,14546.83,paid
PAY-00578,I-00578,S016,2026-04-23,12687.66,paid
PAY-00579,I-00579,S069,2026-03-28,25145.46,paid
PAY-00580,I-00580,S021,2026-02-27,6763.02,paid
PAY-00581,I-00581,S007,2026-02-28,15454.28,paid
PAY-00582,I-00582,S044,2026-04-11,21258.67,paid
PAY-00583,I-00583,S043,2026-03-06,9908.88,paid
PAY-00584,I-00584,S027,2026-04-06,7629.86,paid
PAY-00585,I-00585,S014,2026-02-25,16124.81,paid
PAY-00586,I-00586,S016,2026-04-24,8586.96,paid
PAY-00587,I-00587,S008,2026-04-23,24237.93,paid
PAY-00588,I-00588,S035,2026-03-13,8752.71,paid
PAY-00589,I-00589,S032,2026-01-19,32309.27,paid
PAY-00590,I-00590,S045,2026-02-28,16330.1,paid
PAY-00591,I-00591,S072,2026-02-14,14290.29,paid
PAY-00592,I-00592,S030,2026-03-14,22312.08,paid
PAY-00593,I-00593,S024,2026-02-12,18961.41,paid
PAY-00594,I-00594,S067,2026-03-02,30973.57,paid
PAY-00595,I-00595,S006,2026-04-06,22896.59,paid
PAY-00596,I-00596,S028,2026-02-23,23456.1,paid
PAY-00597,I-00597,S038,2026-02-18,18090.57,paid
PAY-00598,I-00598,S017,2026-02-21,15750.21,paid
PAY-00599,I-00599,S004,2026-05-01,33865.89,paid
PAY-00600,I-00600,S064,2026-04-05,19657.87,paid
PAY-00601,I-00601,S077,2026-02-21,5386.53,paid
PAY-00602,I-00602,S029,2026-03-09,21585.53,paid
PAY-00603,I-00603,S009,2026-05-07,20750.57,paid
PAY-00604,I-00604,S062,2026-03-16,48197.17,paid
PAY-00605,I-00605,S034,2026-04-08,77306.36,paid
PAY-00606,I-00606,S014,2026-02-02,153292.28,paid
PAY-00607,I-00607,S040,2026-03-11,17897.89,paid
PAY-00608,I-00608,S037,2026-03-14,45669.26,paid
PAY-00609,I-00609,S035,2026-04-21,45077.47,paid
PAY-00610,I-00610,S011,2026-04-05,7556.02,paid
PAY-00611,I-00611,S047,2026-04-15,6609.43,paid
PAY-00612,I-00612,S004,2026-01-25,6184.13,paid
PAY-00613,I-00613,S016,2026-03-01,28109.69,paid
PAY-00614,I-00614,S046,2026-03-16,16733.81,paid
PAY-00615,I-00615,S077,2026-04-22,65981.28,paid
PAY-00616,I-00616,S061,2026-02-01,19994.16,paid
PAY-00617,I-00617,S013,2026-04-08,71122.76,paid
PAY-00618,I-00618,S022,2026-03-13,41590.31,paid
PAY-00619,I-00619,S083,2026-02-26,120891.26,paid
PAY-00620,I-00620,S065,2026-03-24,5375.32,paid
PAY-00621,I-00621,S005,2026-01-24,52138.35,paid
PAY-00622,I-00622,S082,2026-04-01,20562.74,paid
PAY-00623,I-00623,S015,2026-02-20,34375.35,paid
PAY-00624,I-00624,S073,2026-03-28,41297.43,paid
PAY-00625,I-00625,S059,2026-04-27,7435.68,paid
PAY-00626,I-00626,S059,2026-04-24,9471.83,paid
PAY-00627,I-00627,S070,2026-02-06,12736.83,paid
PAY-00628,I-00628,S049,2026-04-12,77716.41,paid
PAY-00629,I-00629,S001,2026-03-11,19359.64,paid
PAY-00630,I-00630,S001,2026-03-15,18182.79,paid
PAY-00631,I-00631,S076,2026-03-17,58941.24,paid
PAY-00632,I-00632,S042,2026-03-01,76122.67,paid
PAY-00633,I-00633,S038,2026-03-09,182692.23,paid
PAY-00634,I-00634,S073,2026-02-14,35075.91,paid
PAY-00635,I-00635,S041,2026-05-15,15987.03,paid
PAY-00636,I-00636,S065,2026-04-27,32223.04,paid
PAY-00637,I-00637,S084,2026-02-12,62688.71,paid
PAY-00638,I-00638,S002,2026-03-18,7201.27,paid
PAY-00639,I-00639,S002,2026-03-22,12483.6,paid
PAY-00640,I-00640,S020,2026-03-07,16183.18,paid
PAY-00641,I-00641,S070,2026-01-29,6498.07,paid
PAY-00642,I-00642,S075,2026-02-14,31627.61,paid
PAY-00643,I-00643,S037,2026-02-17,14775.29,paid
PAY-00644,I-00644,S037,2026-02-05,10980.42,paid
PAY-00645,I-00645,S079,2026-02-28,20701.17,paid
PAY-00646,I-00646,S037,2026-04-26,25266.19,paid
PAY-00647,I-00647,S037,2026-04-23,19570.14,paid
PAY-00648,I-00648,S060,2026-02-16,28647.75,paid
PAY-00649,I-00649,S023,2026-03-02,40269.53,paid
PAY-00650,I-00650,S003,2026-02-02,213974.56,paid
PAY-00651,I-00651,S001,2026-04-20,29169.35,paid
PAY-00652,I-00652,S001,2026-04-22,32474.13,paid
PAY-00653,I-00653,S050,2026-04-21,20535.43,paid
PAY-00654,I-00654,S050,2026-04-26,10085.44,paid
PAY-00655,I-00655,S072,2026-03-16,29195.28,paid
PAY-00656,I-00656,S067,2026-04-02,19861.09,paid
PAY-00657,I-00657,S017,2026-03-17,30437.62,paid
PAY-00658,I-00658,S079,2026-03-31,13744.11,paid
PAY-00659,I-00659,S010,2026-02-13,28945.02,paid
PAY-00660,I-00660,S022,2026-03-19,8006.19,paid
PAY-00661,I-00661,S014,2026-05-04,56881.54,paid
PAY-00662,I-00662,S068,2026-03-16,97900.78,paid
PAY-00663,I-00663,S077,2026-03-13,17295.88,paid
PAY-00664,I-00664,S080,2026-03-22,12823.24,paid
PAY-00665,I-00665,S069,2026-02-18,12264.55,paid
PAY-00666,I-00666,S075,2026-03-22,40936.93,paid
PAY-00667,I-00667,S003,2026-01-20,41678.99,paid
PAY-00668,I-00668,S005,2026-02-15,53497.41,paid
PAY-00669,I-00669,S033,2026-04-28,6157.18,paid
PAY-00670,I-00670,S006,2026-03-28,73189.32,paid
PAY-00671,I-00671,S002,2026-03-15,23096.11,paid
PAY-00672,I-00672,S069,2026-04-15,23109.22,paid
PAY-00673,I-00673,S069,2026-04-15,34409.58,paid
PAY-00674,I-00674,S076,2026-03-21,104045.74,paid
PAY-00675,I-00675,S046,2026-03-18,20795.28,paid
PAY-00676,I-00676,S009,2026-05-03,39472.01,paid
PAY-00677,I-00677,S049,2026-03-20,20570.51,paid
PAY-00678,I-00678,S049,2026-02-12,22069.28,paid
PAY-00679,I-00679,S002,2026-03-13,81409.81,paid
PAY-00680,I-00680,S081,2026-03-26,23024.29,paid
PAY-00681,I-00681,S001,2026-04-09,51742.13,paid
PAY-00682,I-00682,S043,2026-02-26,43653.96,paid
PAY-00683,I-00683,S005,2026-04-16,72251.36,paid
PAY-00684,I-00684,S068,2026-02-11,118036.66,paid
PAY-00685,I-00685,S049,2026-04-21,44124.11,paid
PAY-00686,I-00686,S046,2026-03-17,56664.12,paid
PAY-00687,I-00687,S085,2026-05-01,94268.19,paid
PAY-00688,I-00688,S038,2026-05-03,40742.99,paid
PAY-00689,I-00689,S061,2026-03-29,13131.7,paid
PAY-00690,I-00690,S021,2026-03-04,84787.59,paid
PAY-00691,I-00691,S052,2026-04-23,32619.71,paid
PAY-00692,I-00692,S027,2026-04-21,85656.78,paid
PAY-00693,I-00693,S035,2026-02-16,3670.03,paid
PAY-00694,I-00694,S040,2026-02-13,81376.69,paid
PAY-00695,I-00695,S062,2026-05-19,43655.2,paid
PAY-00696,I-00696,S083,2026-02-23,28448.41,paid
PAY-00697,I-00697,S029,2026-04-19,55848.4,paid
PAY-00698,I-00698,S018,2026-04-16,65377.13,paid
PAY-00699,I-00699,S031,2026-05-20,50012.48,paid
PAY-00700,I-00700,S053,2026-04-12,25490.64,paid
PAY-00701,I-00701,S053,2026-04-04,25941.07,paid
PAY-00702,I-00702,S006,2026-03-04,7260.96,paid
PAY-00703,I-00703,S006,2026-03-26,7573.53,paid
PAY-00704,I-00704,S046,2026-02-15,11966.14,paid
PAY-00705,I-00705,S026,2026-04-01,8198.76,paid
PAY-00706,I-00706,S017,2026-04-10,71173.96,paid
PAY-00707,I-00707,S045,2026-03-04,21915.87,paid
PAY-00708,I-00708,S023,2026-04-17,19239.3,paid
PAY-00709,I-00709,S058,2026-04-05,28846.05,paid
PAY-00710,I-00710,S061,2026-03-18,47801.05,paid
PAY-00711,I-00711,S058,2026-03-19,12166.3,paid
PAY-00712,I-00712,S067,2026-04-10,28486.95,paid
PAY-00713,I-00713,S047,2026-03-05,78175.56,paid
PAY-00714,I-00714,S068,2026-02-01,17627.47,paid
PAY-00715,I-00715,S007,2026-03-13,134942.75,paid
PAY-00716,I-00716,S057,2026-02-10,52932.04,paid
PAY-00717,I-00717,S007,2026-03-07,20416.99,paid
PAY-00718,I-00718,S006,2026-03-30,41223.37,paid
PAY-00719,I-00719,S015,2026-05-06,27111.75,paid
PAY-00720,I-00720,S037,2026-02-27,29307.17,paid
PAY-00721,I-00721,S061,2026-03-21,22563.78,paid
PAY-00722,I-00722,S029,2026-04-27,25567.23,paid
PAY-00723,I-00723,S022,2026-03-16,31091.35,paid
PAY-00724,I-00724,S014,2026-03-06,16827.29,paid
PAY-00725,I-00725,S031,2026-02-28,21126.9,paid
PAY-00726,I-00726,S033,2026-04-21,60362.99,paid
PAY-00727,I-00727,S007,2026-05-08,24736.93,paid
PAY-00728,I-00728,S028,2026-04-29,52807.41,paid
PAY-00729,I-00729,S028,2026-04-17,76229.25,paid
PAY-00730,I-00730,S064,2026-03-13,47667.58,paid
PAY-00731,I-00731,S030,2026-04-29,21735.08,paid
PAY-00732,I-00732,S031,2026-04-16,24860.81,paid
PAY-00733,I-00733,S017,2026-05-04,17412.42,paid
PAY-00734,I-00734,S042,2026-03-01,36666.17,paid
PAY-00735,I-00735,S055,2026-02-09,26426.01,paid
PAY-00736,I-00736,S057,2026-03-07,25409.93,paid
PAY-00737,I-00737,S006,2026-03-20,53301.23,paid
PAY-00738,I-00738,S077,2026-04-26,17926.35,paid
PAY-00739,I-00739,S017,2026-04-25,21995.44,paid
PAY-00740,I-00740,S030,2026-03-01,17060.41,paid
PAY-00741,I-00741,S013,2026-03-29,25813.91,paid
PAY-00742,I-00742,S014,2026-02-18,25128.41,paid
PAY-00743,I-00743,S035,2026-03-05,27880.0,paid
PAY-00744,I-00744,S008,2026-02-17,49947.91,paid
PAY-00745,I-00745,S046,2026-03-23,60764.42,paid
PAY-00746,I-00746,S009,2026-03-16,63743.4,paid
PAY-00747,I-00747,S059,2026-02-24,12336.78,paid
PAY-00748,I-00748,S039,2026-04-07,39998.56,paid
PAY-00749,I-00749,S057,2026-01-30,26404.16,paid
PAY-00750,I-00750,S001,2026-05-10,26668.86,paid
PAY-00751,I-00751,S022,2026-04-11,11281.89,paid
PAY-00752,I-00752,S037,2026-05-09,42825.67,paid
PAY-00753,I-00753,S037,2026-05-04,59472.54,paid
PAY-00754,I-00754,S067,2026-04-22,10802.9,paid
PAY-00755,I-00755,S080,2026-05-12,21923.5,paid
PAY-00756,I-00756,S017,2026-02-28,37861.38,paid
PAY-00757,I-00757,S066,2026-03-08,19945.42,paid
PAY-00758,I-00758,S066,2026-02-06,8720.11,paid
PAY-00759,I-00759,S046,2026-04-26,16271.11,paid
PAY-00760,I-00760,S020,2026-05-04,48986.05,paid
PAY-00761,I-00761,S060,2026-01-29,82516.53,paid
PAY-00762,I-00762,S054,2026-04-15,19907.69,paid
PAY-00763,I-00763,S062,2026-04-07,30609.47,paid
PAY-00764,I-00764,S033,2026-02-21,8202.75,paid
PAY-00765,I-00765,S070,2026-03-02,24463.16,paid
PAY-00766,I-00766,S018,2026-04-07,37819.16,paid
PAY-00767,I-00767,S008,2026-02-14,29397.13,paid
PAY-00768,I-00768,S083,2026-03-29,11662.21,paid
PAY-00769,I-00769,S068,2026-05-16,14549.45,paid
PAY-00770,I-00770,S032,2026-04-02,25343.7,paid
PAY-00771,I-00771,S058,2026-04-08,13788.69,paid
PAY-00772,I-00772,S058,2026-04-07,10409.07,paid
PAY-00773,I-00773,S014,2026-03-27,33932.76,paid
PAY-00774,I-00774,S044,2026-04-30,34552.33,paid
PAY-00775,I-00775,S041,2026-04-02,23781.4,paid
PAY-00776,I-00776,S050,2026-04-26,13006.64,paid
PAY-00777,I-00777,S006,2026-04-05,31813.32,paid
PAY-00778,I-00778,S006,2026-03-20,18278.89,paid
PAY-00779,I-00779,S046,2026-04-07,49738.91,paid
PAY-00780,I-00780,S082,2026-04-22,28687.55,paid
PAY-00781,I-00781,S026,2026-01-25,36001.61,paid
PAY-00782,I-00782,S033,2026-04-10,40382.95,paid
PAY-00783,I-00783,S075,2026-04-10,193967.7,paid
PAY-00784,I-00784,S017,2026-05-05,52985.79,paid
PAY-00785,I-00785,S052,2026-02-13,9611.91,paid
PAY-00786,I-00786,S052,2026-01-25,17896.86,paid
PAY-00787,I-00787,S083,2026-02-20,10917.29,paid
PAY-00788,I-00788,S002,2026-02-10,15063.89,paid
PAY-00789,I-00789,S037,2026-03-07,7916.11,paid
PAY-00790,I-00790,S037,2026-03-09,16844.69,paid
PAY-00791,I-00791,S077,2026-03-26,21886.99,paid
PAY-00792,I-00792,S066,2026-02-12,22020.79,paid
PAY-00793,I-00793,S017,2026-03-02,32028.69,paid
PAY-00794,I-00794,S072,2026-03-25,21649.66,paid
PAY-00795,I-00795,S048,2026-02-19,53169.03,paid
PAY-00796,I-00796,S015,2026-03-21,16893.94,paid
PAY-00797,I-00797,S051,2026-05-04,94146.4,paid
PAY-00798,I-00798,S011,2026-04-21,184207.23,paid
PAY-00799,I-00799,S027,2026-04-01,19338.16,paid
PAY-00800,I-00800,S051,2026-04-15,17351.62,paid
PAY-00801,I-00801,S013,2026-03-01,24515.12,paid
PAY-00802,I-00802,S013,2026-02-25,25318.52,paid
PAY-00803,I-00803,S039,2026-02-25,50563.54,paid
PAY-00804,I-00804,S067,2026-03-01,39618.37,paid
PAY-00805,I-00805,S032,2026-03-17,50125.52,paid
PAY-00806,I-00806,S043,2026-02-19,11252.41,paid
PAY-00807,I-00807,S027,2026-04-22,17021.49,paid
PAY-00808,I-00808,S032,2026-03-19,40291.61,paid
PAY-00809,I-00809,S023,2026-02-20,33638.1,paid
PAY-00810,I-00810,S026,2026-05-10,33783.02,paid
PAY-00811,I-00811,S029,2026-02-28,25232.5,paid
PAY-00812,I-00812,S023,2026-02-13,9788.52,paid
PAY-00813,I-00813,S010,2026-03-04,21832.76,paid
PAY-00814,I-00814,S043,2026-05-01,77263.35,paid
PAY-00815,I-00815,S072,2026-02-10,18888.71,paid
PAY-00816,I-00816,S072,2026-04-05,54039.45,paid
PAY-00817,I-00817,S005,2026-03-08,19946.54,paid
PAY-00818,I-00818,S031,2026-01-29,53135.61,paid
PAY-00819,I-00819,S019,2026-03-14,79611.96,paid
PAY-00820,I-00820,S026,2026-04-13,15254.24,paid
PAY-00821,I-00821,S021,2026-04-22,41905.2,paid
PAY-00822,I-00822,S070,2026-02-13,7218.65,paid
PAY-00823,I-00823,S021,2026-03-15,12462.22,paid
PAY-00824,I-00824,S025,2026-03-30,26314.58,paid
PAY-00825,I-00825,S051,2026-02-22,41934.57,paid
PAY-00826,I-00826,S010,2026-03-12,27443.93,paid
PAY-00827,I-00827,S078,2026-03-02,32543.14,paid
PAY-00828,I-00828,S016,2026-03-14,41236.29,paid
PAY-00829,I-00829,S009,2026-04-05,29125.25,paid
PAY-00830,I-00830,S085,2026-03-04,17686.89,paid
PAY-00831,I-00831,S085,2026-03-06,24057.96,paid
PAY-00832,I-00832,S026,2026-05-09,57081.58,paid
PAY-00833,I-00833,S047,2026-02-19,22696.05,paid
PAY-00834,I-00834,S075,2026-02-21,10999.31,paid
PAY-00835,I-00835,S073,2026-02-21,7525.38,paid
PAY-00836,I-00836,S073,2026-03-07,4727.98,paid
PAY-00837,I-00837,S047,2026-03-21,18047.38,paid
PAY-00838,I-00838,S044,2026-04-11,3240.01,paid
PAY-00839,I-00839,S044,2026-04-03,3789.44,paid
PAY-00840,I-00840,S073,2026-03-15,23256.88,paid
PAY-00841,I-00841,S073,2026-04-01,19109.45,paid
PAY-00842,I-00842,S036,2026-04-05,71024.72,paid
PAY-00843,I-00843,S015,2026-04-03,17337.11,paid
PAY-00844,I-00844,S028,2026-03-06,12148.94,paid
PAY-00845,I-00845,S051,2026-01-27,93318.05,paid
PAY-00846,I-00846,S040,2026-02-07,25547.62,paid
PAY-00847,I-00847,S033,2026-04-01,18991.99,paid
PAY-00848,I-00848,S033,2026-04-27,11773.86,paid
PAY-00849,I-00849,S064,2026-02-09,46089.82,paid
PAY-00850,I-00850,S033,2026-04-18,28109.57,paid
PAY-00851,I-00851,S021,2026-03-07,10517.93,paid
PAY-00852,I-00852,S021,2026-03-02,16042.9,paid
PAY-00853,I-00853,S058,2026-04-02,38978.35,paid
PAY-00854,I-00854,S011,2026-05-01,24314.82,paid
PAY-00855,I-00855,S058,2026-03-09,20288.08,paid
PAY-00856,I-00856,S018,2026-03-20,12159.02,paid
PAY-00857,I-00857,S018,2026-05-12,31666.69,paid
PAY-00858,I-00858,S052,2026-04-09,13119.49,paid
PAY-00859,I-00859,S028,2026-03-02,18801.1,paid
PAY-00860,I-00860,S049,2026-04-30,107902.63,paid
PAY-00861,I-00861,S082,2026-03-09,17274.22,paid
PAY-00862,I-00862,S072,2026-02-20,58427.68,paid
PAY-00863,I-00863,S072,2026-02-10,61569.22,paid
PAY-00864,I-00864,S036,2026-02-05,45647.44,paid
PAY-00865,I-00865,S006,2026-03-28,68926.3,paid
PAY-00866,I-00866,S065,2026-04-18,38593.68,paid
PAY-00867,I-00867,S026,2026-04-08,8351.6,paid
PAY-00868,I-00868,S079,2026-02-23,24782.08,paid
PAY-00869,I-00869,S055,2026-03-10,10483.71,paid
PAY-00870,I-00870,S004,2026-04-15,17732.49,paid
PAY-00871,I-00871,S077,2026-03-23,35069.27,paid
PAY-00872,I-00872,S077,2026-04-12,46115.4,paid
PAY-00873,I-00873,S001,2026-02-17,25356.66,paid
PAY-00874,I-00874,S014,2026-04-12,13895.7,paid
PAY-00875,I-00875,S058,2026-02-26,27525.9,paid
PAY-00876,I-00876,S015,2026-03-05,27117.95,paid
PAY-00877,I-00877,S069,2026-01-31,42978.74,paid
PAY-00878,I-00878,S027,2026-04-23,62548.08,paid
PAY-00879,I-00879,S030,2026-02-21,12454.31,paid
PAY-00880,I-00880,S083,2026-02-12,14923.8,paid
PAY-00881,I-00881,S015,2026-04-08,9160.81,paid
PAY-00882,I-00882,S014,2026-04-29,70754.91,paid
PAY-00883,I-00883,S038,2026-03-04,141438.95,paid
PAY-00884,I-00884,S043,2026-02-25,20708.51,paid
PAY-00885,I-00885,S063,2026-04-25,24013.93,paid
PAY-00886,I-00886,S048,2026-04-09,22253.81,paid
PAY-00887,I-00887,S015,2026-03-02,22441.47,paid
PAY-00888,I-00888,S036,2026-04-14,11610.96,paid
PAY-00889,I-00889,S036,2026-04-12,9563.55,paid
PAY-00890,I-00890,S075,2026-03-15,32108.36,paid
PAY-00891,I-00891,S010,2026-02-04,39425.54,paid
PAY-00892,I-00892,S005,2026-04-22,24353.02,paid
PAY-00893,I-00893,S005,2026-04-19,27953.39,paid
PAY-00894,I-00894,S010,2026-05-10,22279.19,paid
PAY-00895,I-00895,S033,2026-02-27,42082.22,paid
PAY-00896,I-00896,S056,2026-03-29,12865.32,paid
PAY-00897,I-00897,S052,2026-04-10,17888.23,paid
PAY-00898,I-00898,S030,2026-02-23,65465.37,paid
PAY-00899,I-00899,S044,2026-03-27,11611.45,paid
PAY-00900,I-00900,S051,2026-02-01,10335.04,paid
PAY-00901,I-00901,S064,2026-02-26,13476.71,paid
PAY-00902,I-00902,S053,2026-02-15,22173.32,paid
PAY-00903,I-00903,S024,2026-02-10,44867.43,paid
PAY-00904,I-00904,S061,2026-01-26,25715.02,paid
PAY-00905,I-00905,S009,2026-04-01,77741.65,paid
PAY-00906,I-00906,S038,2026-03-15,49985.02,paid
PAY-00907,I-00907,S004,2026-02-12,32543.85,paid
PAY-00908,I-00908,S043,2026-02-19,74502.41,paid
PAY-00909,I-00909,S029,2026-03-29,20872.44,paid
PAY-00910,I-00910,S062,2026-05-03,2855.59,paid
PAY-00911,I-00911,S062,2026-04-23,1846.24,paid
PAY-00912,I-00912,S002,2026-02-17,40834.96,paid
PAY-00913,I-00913,S054,2026-02-16,26540.01,paid
PAY-00914,I-00914,S045,2026-05-12,104634.13,paid
PAY-00915,I-00915,S041,2026-03-31,74527.98,paid
PAY-00916,I-00916,S072,2026-03-06,32024.14,paid
PAY-00917,I-00917,S013,2026-03-16,16814.94,paid
PAY-00918,I-00918,S014,2026-03-19,100876.31,paid
PAY-00919,I-00919,S031,2026-03-22,32658.89,paid
PAY-00920,I-00920,S029,2026-05-17,124271.27,paid
PAY-00921,I-00921,S027,2026-04-06,23150.9,paid
PAY-00922,I-00922,S031,2026-03-27,15379.23,paid
PAY-00923,I-00923,S002,2026-04-30,60054.89,paid
PAY-00924,I-00924,S058,2026-03-27,24920.96,paid
PAY-00925,I-00925,S008,2026-04-01,27913.51,paid
PAY-00926,I-00926,S012,2026-02-05,93109.57,paid
PAY-00927,I-00927,S042,2026-04-24,27401.09,paid
PAY-00928,I-00928,S053,2026-05-10,24576.18,paid
PAY-00929,I-00929,S031,2026-03-12,28123.76,paid
PAY-00930,I-00930,S069,2026-04-21,18415.75,paid
PAY-00931,I-00931,S070,2026-04-09,23161.68,paid
PAY-00932,I-00932,S079,2026-02-14,29731.05,paid
PAY-00933,I-00933,S049,2026-02-21,32043.43,paid
PAY-00934,I-00934,S053,2026-05-10,25048.88,paid
PAY-00935,I-00935,S052,2026-02-15,5745.8,paid
PAY-00936,I-00936,S053,2026-02-26,30380.98,paid
PAY-00937,I-00937,S049,2026-03-12,336716.0,paid
PAY-00938,I-00938,S079,2026-04-17,26984.12,paid
PAY-00939,I-00939,S044,2026-04-30,28511.26,paid
PAY-00940,I-00940,S013,2026-04-08,18966.79,paid
PAY-00941,I-00941,S013,2026-04-15,12610.39,paid
PAY-00942,I-00942,S068,2026-04-19,55830.64,paid
PAY-00943,I-00943,S041,2026-04-01,47958.22,paid
PAY-00944,I-00944,S041,2026-04-21,38215.2,paid
PAY-00945,I-00945,S081,2026-04-21,25965.89,paid
PAY-00946,I-00946,S071,2026-05-01,57127.76,paid
PAY-00947,I-00947,S073,2026-04-24,23711.21,paid
PAY-00948,I-00948,S083,2026-03-15,15898.11,paid
PAY-00949,I-00949,S027,2026-04-30,57392.26,paid
PAY-00950,I-00950,S079,2026-02-05,27794.79,paid
PAY-00951,I-00951,S027,2026-04-11,35064.89,paid
PAY-00952,I-00952,S080,2026-02-19,116137.33,paid
PAY-00953,I-00953,S072,2026-03-15,36526.29,paid
PAY-00954,I-00954,S050,2026-04-19,8624.58,paid
PAY-00955,I-00955,S011,2026-04-27,58278.19,paid
PAY-00956,I-00956,S033,2026-03-27,11421.74,paid
PAY-00957,I-00957,S047,2026-02-15,16169.79,paid
PAY-00958,I-00958,S084,2026-04-08,55534.58,paid
PAY-00959,I-00959,S034,2026-04-15,17704.58,paid
PAY-00960,I-00960,S006,2026-03-21,28723.38,paid
PAY-00961,I-00961,S076,2026-02-07,19795.77,paid
PAY-00962,I-00962,S072,2026-02-11,78565.35,paid
PAY-00963,I-00963,S048,2026-02-20,21805.94,paid
PAY-00964,I-00964,S062,2026-03-12,46211.92,paid
PAY-00965,I-00965,S050,2026-02-15,13519.28,paid
PAY-00966,I-00966,S054,2026-04-29,74156.81,paid
PAY-00967,I-00967,S066,2026-04-08,53120.18,paid
PAY-00968,I-00968,S018,2026-02-28,45553.75,paid
PAY-00969,I-00969,S072,2026-02-13,27285.39,paid
PAY-00970,I-00970,S030,2026-03-25,30801.85,paid
PAY-00971,I-00971,S035,2026-04-18,72890.01,paid
PAY-00972,I-00972,S039,2026-05-03,30733.66,paid
PAY-00973,I-00973,S010,2026-03-29,13101.14,paid
PAY-00974,I-00974,S032,2026-02-23,28755.1,paid
PAY-00975,I-00975,S051,2026-04-12,14114.18,paid
PAY-00976,I-00976,S070,2026-04-06,33037.94,paid
PAY-00977,I-00977,S046,2026-03-28,3278.25,paid
PAY-00978,I-00978,S046,2026-04-07,6125.64,paid
PAY-00979,I-00979,S058,2026-04-08,33895.24,paid
PAY-00980,I-00980,S038,2026-03-11,50215.58,paid
PAY-00981,I-00981,S054,2026-02-17,56291.11,paid
PAY-00982,I-00982,S020,2026-02-17,30449.61,paid
PAY-00983,I-00983,S020,2026-02-22,16934.07,paid
PAY-00984,I-00984,S045,2026-04-01,29574.18,paid
PAY-00985,I-00985,S044,2026-02-22,23499.9,paid
PAY-00986,I-00986,S044,2026-02-12,32183.96,paid
PAY-00987,I-00987,S053,2026-03-14,39552.45,paid
PAY-00988,I-00988,S066,2026-01-23,51255.44,paid
PAY-00989,I-00989,S072,2026-05-02,14813.32,paid
PAY-00990,I-00990,S022,2026-04-13,17831.82,paid
PAY-00991,I-00991,S076,2026-04-19,10251.04,paid
PAY-00992,I-00992,S030,2026-03-07,40053.12,paid
PAY-00993,I-00993,S029,2026-02-18,56862.64,paid
PAY-00994,I-00994,S047,2026-03-07,81665.18,paid
PAY-00995,I-00995,S074,2026-03-03,10689.33,paid
PAY-00996,I-00996,S073,2026-03-11,101489.79,paid
PAY-00997,I-00997,S075,2026-02-20,16642.72,paid
PAY-00998,I-00998,S048,2026-03-23,8347.8,paid
PAY-00999,I-00999,S044,2026-04-08,50834.94,paid
PAY-01000,I-01000,S043,2026-04-21,32012.78,paid
PAY-01001,I-01001,S025,2026-02-20,8065.93,paid
PAY-01002,I-01002,S047,2026-04-14,9390.5,paid
PAY-01003,I-01003,S005,2026-02-14,16733.7,paid
PAY-01004,I-01004,S021,2026-03-11,9122.64,paid
PAY-01005,I-01005,S030,2026-03-01,25229.08,paid
PAY-01006,I-01006,S045,2026-04-23,143514.33,paid
PAY-01007,I-01007,S034,2026-03-09,135140.53,paid
PAY-01008,I-01008,S013,2026-01-30,10190.32,paid
PAY-01009,I-01009,S062,2026-04-10,32423.11,paid
PAY-01010,I-01010,S047,2026-03-24,25443.06,paid
PAY-01011,I-01011,S032,2026-03-18,7187.62,paid
PAY-01012,I-01012,S049,2026-04-17,10621.86,paid
PAY-01013,I-01013,S058,2026-01-20,13656.07,paid
PAY-01014,I-01014,S025,2026-03-15,10259.47,paid
PAY-01015,I-01015,S028,2026-03-17,50532.42,paid
PAY-01016,I-01016,S037,2026-03-23,11124.53,paid
PAY-01017,I-01017,S064,2026-04-25,18016.44,paid
PAY-01018,I-01018,S084,2026-01-18,68343.29,paid
PAY-01019,I-01019,S017,2026-03-31,17969.62,paid
PAY-01020,I-01020,S042,2026-03-11,28551.64,paid
PAY-01021,I-01021,S066,2026-05-18,26897.45,paid
PAY-01022,I-01022,S016,2026-03-25,25380.7,paid
PAY-01023,I-01023,S075,2026-02-23,34631.83,paid
PAY-01024,I-01024,S055,2026-03-10,12148.0,paid
PAY-01025,I-01025,S079,2026-03-07,42646.19,paid
PAY-01026,I-01026,S079,2026-02-27,58220.35,paid
PAY-01027,I-01027,S014,2026-03-18,8987.48,paid
PAY-01028,I-01028,S076,2026-02-02,32883.09,paid
PAY-01029,I-01029,S040,2026-02-05,19755.47,paid
PAY-01030,I-01030,S038,2026-02-20,42300.07,paid
PAY-01031,I-01031,S002,2026-04-30,37944.95,paid
PAY-01032,I-01032,S082,2026-04-22,18662.76,paid
PAY-01033,I-01033,S068,2026-03-21,9403.96,paid
PAY-01034,I-01034,S074,2026-03-20,54749.61,paid
PAY-01035,I-01035,S079,2026-03-06,13869.63,paid
PAY-01036,I-01036,S052,2026-04-12,8925.28,paid
PAY-01037,I-01037,S027,2026-04-07,13607.1,paid
PAY-01038,I-01038,S044,2026-03-12,20039.8,paid
PAY-01039,I-01039,S044,2026-02-22,14879.69,paid
PAY-01040,I-01040,S049,2026-02-18,14787.35,paid
PAY-01041,I-01041,S053,2026-04-28,79934.32,paid
PAY-01042,I-01042,S033,2026-04-14,26316.5,paid
PAY-01043,I-01043,S045,2026-04-29,16603.51,paid
PAY-01044,I-01044,S070,2026-04-22,33108.12,paid
PAY-01045,I-01045,S063,2026-04-26,30473.47,paid
PAY-01046,I-01046,S045,2026-04-04,34275.2,paid
PAY-01047,I-01047,S066,2026-04-18,90408.08,paid
PAY-01048,I-01048,S018,2026-03-31,16653.12,paid
PAY-01049,I-01049,S041,2026-02-23,27531.26,paid
PAY-01050,I-01050,S075,2026-04-12,27062.36,paid
PAY-01051,I-01051,S061,2026-04-17,42284.95,paid
PAY-01052,I-01052,S008,2026-05-09,13402.09,paid
PAY-01053,I-01053,S081,2026-05-04,10431.37,paid
PAY-01054,I-01054,S025,2026-01-24,3983.34,paid
PAY-01055,I-01055,S025,2026-03-08,63208.41,paid
PAY-01056,I-01056,S050,2026-02-08,6768.13,paid
PAY-01057,I-01057,S080,2026-03-19,33349.42,paid
PAY-01058,I-01058,S082,2026-03-26,34334.95,paid
PAY-01059,I-01059,S023,2026-03-07,28323.53,paid
PAY-01060,I-01060,S078,2026-02-10,16781.75,paid
PAY-01061,I-01061,S073,2026-03-08,92257.55,paid
PAY-01062,I-01062,S026,2026-02-22,23514.06,paid
PAY-01063,I-01063,S038,2026-04-09,7235.82,paid
PAY-01064,I-01064,S075,2026-04-07,26562.76,paid
PAY-01065,I-01065,S067,2026-05-01,37893.79,paid
PAY-01066,I-01066,S021,2026-02-24,20452.04,paid
PAY-01067,I-01067,S057,2026-05-19,63147.92,paid
PAY-01068,I-01068,S081,2026-04-25,47112.97,paid
PAY-01069,I-01069,S020,2026-05-14,36075.02,paid
PAY-01070,I-01070,S084,2026-04-20,8361.21,paid
PAY-01071,I-01071,S059,2026-03-24,69127.85,paid
PAY-01072,I-01072,S015,2026-03-25,48434.18,paid
PAY-01073,I-01073,S059,2026-03-18,66310.31,paid
PAY-01074,I-01074,S071,2026-03-19,35964.85,paid
PAY-01075,I-01075,S053,2026-03-16,23736.52,paid
PAY-01076,I-01076,S026,2026-04-02,46632.76,paid
PAY-01077,I-01077,S049,2026-02-28,50052.95,paid
PAY-01078,I-01078,S033,2026-02-16,32475.04,paid
PAY-01079,I-01079,S075,2026-04-12,28540.39,paid
PAY-01080,I-01080,S069,2026-02-24,13935.54,paid
PAY-01081,I-01081,S057,2026-04-02,11600.09,paid
PAY-01082,I-01082,S057,2026-02-28,50774.17,paid
PAY-01083,I-01083,S058,2026-02-25,19007.04,paid
PAY-01084,I-01084,S058,2026-03-13,19723.28,paid
PAY-01085,I-01085,S018,2026-03-02,16210.8,paid
PAY-01086,I-01086,S036,2026-04-20,21834.4,paid
PAY-01087,I-01087,S002,2026-03-27,9019.91,paid
PAY-01088,I-01088,S065,2026-03-08,25022.4,paid
PAY-01089,I-01089,S023,2026-03-31,16033.55,paid
PAY-01090,I-01090,S072,2026-04-08,62979.26,paid
PAY-01091,I-01091,S057,2026-02-21,75696.8,paid
PAY-01092,I-01092,S028,2026-04-08,23455.51,paid
PAY-01093,I-01093,S024,2026-02-23,64574.06,paid
PAY-01094,I-01094,S047,2026-02-20,3713.71,paid
PAY-01095,I-01095,S071,2026-03-30,11228.31,paid
PAY-01096,I-01096,S021,2026-04-10,20423.05,paid
PAY-01097,I-01097,S063,2026-03-24,23278.91,paid
PAY-01098,I-01098,S054,2026-04-10,37570.27,paid
PAY-01099,I-01099,S054,2026-03-22,42098.84,paid
PAY-01100,I-01100,S054,2026-02-10,17424.81,paid
PAY-01101,I-01101,S052,2026-03-13,29326.08,paid
PAY-01102,I-01102,S027,2026-05-16,44567.6,paid
PAY-01103,I-01103,S070,2026-03-25,20002.27,paid
PAY-01104,I-01104,S026,2026-02-16,3522.93,paid
PAY-01105,I-01105,S060,2026-03-27,38091.68,paid
PAY-01106,I-01106,S020,2026-02-09,4835.44,paid
PAY-01107,I-01107,S056,2026-02-12,18568.78,paid
PAY-01108,I-01108,S075,2026-03-26,150806.07,paid
PAY-01109,I-01109,S028,2026-03-11,14533.79,paid
PAY-01110,I-01110,S083,2026-02-22,42579.56,paid
PAY-01111,I-01111,S030,2026-04-19,15546.87,paid
PAY-01112,I-01112,S034,2026-04-24,14985.41,paid
PAY-01113,I-01113,S078,2026-04-21,11808.14,paid
PAY-01114,I-01114,S078,2026-04-23,24308.13,paid
PAY-01115,I-01115,S033,2026-03-11,65242.88,paid
PAY-01116,I-01116,S015,2026-02-01,24380.6,paid
PAY-01117,I-01117,S045,2026-03-12,25422.66,paid
PAY-01118,I-01118,S079,2026-03-06,2376.55,paid
PAY-01119,I-01119,S003,2026-02-25,21844.9,paid
PAY-01120,I-01120,S020,2026-04-08,8180.9,paid
PAY-01121,I-01121,S031,2026-03-04,44408.38,paid
PAY-01122,I-01122,S059,2026-03-25,23976.97,paid
PAY-01123,I-01123,S049,2026-03-16,73177.56,paid
PAY-01124,I-01124,S049,2026-02-14,5835.89,paid
PAY-01125,I-01125,S026,2026-03-03,18193.34,paid
PAY-01126,I-01126,S068,2026-04-27,88234.51,paid
PAY-01127,I-01127,S068,2026-04-24,47184.2,paid
PAY-01128,I-01128,S056,2026-03-09,35993.14,paid
PAY-01129,I-01129,S010,2026-03-25,13775.06,paid
PAY-01130,I-01130,S084,2026-04-04,14000.4,paid
PAY-01131,I-01131,S004,2026-03-31,33942.32,paid
PAY-01132,I-01132,S055,2026-04-15,96356.33,paid
PAY-01133,I-01133,S026,2026-03-09,15450.09,paid
PAY-01134,I-01134,S077,2026-03-07,43292.78,paid
PAY-01135,I-01135,S012,2026-02-08,37699.08,paid
PAY-01136,I-01136,S023,2026-04-07,10147.04,paid
PAY-01137,I-01137,S023,2026-04-19,15817.16,paid
PAY-01138,I-01138,S007,2026-03-11,48110.86,paid
PAY-01139,I-01139,S074,2026-02-07,8681.69,paid
PAY-01140,I-01140,S030,2026-04-03,25086.09,paid
PAY-01141,I-01141,S006,2026-05-05,13005.36,paid
PAY-01142,I-01142,S075,2026-04-08,65107.93,paid
PAY-01143,I-01143,S073,2026-01-29,293914.48,paid
PAY-01144,I-01144,S050,2026-02-06,13734.46,paid
PAY-01145,I-01145,S008,2026-04-20,50659.68,paid
PAY-01146,I-01146,S060,2026-03-23,20210.99,paid
PAY-01147,I-01147,S021,2026-03-18,10380.93,paid
PAY-01148,I-01148,S038,2026-04-07,30278.38,paid
PAY-01149,I-01149,S006,2026-04-18,44717.14,paid
PAY-01150,I-01150,S013,2026-02-05,20482.43,paid
PAY-01151,I-01151,S016,2026-03-01,41218.53,paid
PAY-01152,I-01152,S036,2026-05-01,24900.98,paid
PAY-01153,I-01153,S047,2026-03-04,40152.22,paid
PAY-01154,I-01154,S056,2026-04-17,28208.15,paid
PAY-01155,I-01155,S075,2026-04-06,29915.24,paid
PAY-01156,I-01156,S059,2026-01-25,27081.2,paid
PAY-01157,I-01157,S081,2026-02-27,47870.86,paid
PAY-01158,I-01158,S048,2026-04-08,301090.37,paid
PAY-01159,I-01159,S001,2026-02-12,50659.23,paid
PAY-01160,I-01160,S077,2026-04-24,42100.02,paid
PAY-01161,I-01161,S062,2026-04-17,14917.87,paid
PAY-01162,I-01162,S054,2026-03-07,3555.05,paid
PAY-01163,I-01163,S049,2026-04-07,8497.95,paid
PAY-01164,I-01164,S019,2026-03-17,44433.2,paid
PAY-01165,I-01165,S008,2026-04-30,19871.28,paid
PAY-01166,I-01166,S073,2026-03-02,13059.46,paid
PAY-01167,I-01167,S052,2026-05-02,22774.91,paid
PAY-01168,I-01168,S079,2026-04-01,18907.73,paid
PAY-01169,I-01169,S006,2026-04-23,17716.39,paid
PAY-01170,I-01170,S046,2026-04-26,21464.25,paid
PAY-01171,I-01171,S072,2026-03-23,18449.28,paid
PAY-01172,I-01172,S002,2026-03-12,4636.46,paid
PAY-01173,I-01173,S002,2026-03-14,3315.34,paid
PAY-01174,I-01174,S049,2026-03-15,14455.09,paid
PAY-01175,I-01175,S044,2026-02-10,21621.59,paid
PAY-01176,I-01176,S061,2026-04-15,18086.61,paid
PAY-01177,I-01177,S022,2026-04-09,271676.98,paid
PAY-01178,I-01178,S076,2026-03-03,20617.56,paid
PAY-01179,I-01179,S004,2026-03-15,6080.89,paid
PAY-01180,I-01180,S004,2026-04-09,13842.89,paid
PAY-01181,I-01181,S044,2026-04-10,59942.42,paid
PAY-01182,I-01182,S013,2026-02-16,10296.82,paid
PAY-01183,I-01183,S079,2026-03-23,19070.45,paid
PAY-01184,I-01184,S069,2026-02-27,35205.41,paid
PAY-01185,I-01185,S069,2026-03-10,26690.07,paid
PAY-01186,I-01186,S076,2026-04-01,74723.52,paid
PAY-01187,I-01187,S015,2026-05-06,11147.05,paid
PAY-01188,I-01188,S015,2026-04-11,13676.94,paid
PAY-01189,I-01189,S054,2026-03-21,53882.4,paid
PAY-01190,I-01190,S041,2026-02-20,11186.29,paid
PAY-01191,I-01191,S062,2026-04-02,30753.81,paid
PAY-01192,I-01192,S033,2026-03-12,28008.83,paid
PAY-01193,I-01193,S078,2026-04-12,22590.12,paid
PAY-01194,I-01194,S084,2026-04-18,21185.84,paid
PAY-01195,I-01195,S047,2026-03-12,66572.11,paid
PAY-01196,I-01196,S023,2026-04-13,30732.36,paid
PAY-01197,I-01197,S078,2026-03-19,95021.53,paid
PAY-01198,I-01198,S052,2026-03-20,17825.51,paid
PAY-01199,I-01199,S020,2026-03-06,14638.87,paid
PAY-01200,I-01200,S068,2026-03-20,17879.97,paid
PAY-01201,I-01201,S041,2026-05-06,34519.99,paid
PAY-01202,I-01202,S029,2026-05-11,28897.58,paid
PAY-01203,I-01203,S023,2026-04-15,158072.04,paid
PAY-01204,I-01204,S048,2026-04-04,25434.01,paid
PAY-01205,I-01205,S021,2026-04-09,23233.88,paid
PAY-01206,I-01206,S062,2026-02-01,17152.91,paid
PAY-01207,I-01207,S076,2026-03-24,30072.1,paid
PAY-01208,I-01208,S075,2026-03-16,50166.52,paid
PAY-01209,I-01209,S081,2026-04-05,46132.9,paid
PAY-01210,I-01210,S014,2026-03-10,4018.16,paid
PAY-01211,I-01211,S050,2026-04-04,49921.06,paid
PAY-01212,I-01212,S084,2026-02-10,59720.12,paid
PAY-01213,I-01213,S016,2026-02-16,21355.01,paid
PAY-01214,I-01214,S039,2026-03-06,9166.66,paid
PAY-01215,I-01215,S039,2026-03-03,8395.1,paid
PAY-01216,I-01216,S063,2026-02-14,8226.41,paid
PAY-01217,I-01217,S082,2026-03-30,11552.04,paid
PAY-01218,I-01218,S052,2026-03-11,27390.76,paid
PAY-01219,I-01219,S050,2026-03-19,16413.28,paid
PAY-01220,I-01220,S051,2026-04-07,16836.03,paid
PAY-01221,I-01221,S019,2026-04-26,10707.34,paid
PAY-01222,I-01222,S053,2026-01-17,26415.2,paid
PAY-01223,I-01223,S015,2026-04-27,28359.48,paid
PAY-01224,I-01224,S018,2026-05-06,18144.34,paid
PAY-01225,I-01225,S069,2026-03-20,46053.97,paid
PAY-01226,I-01226,S032,2026-02-02,39668.26,paid
PAY-01227,I-01227,S010,2026-03-22,28959.6,paid
PAY-01228,I-01228,S007,2026-02-24,8383.99,paid
PAY-01229,I-01229,S017,2026-02-26,26331.83,paid
PAY-01230,I-01230,S034,2026-02-24,19971.05,paid
PAY-01231,I-01231,S008,2026-04-22,28104.84,paid
PAY-01232,I-01232,S062,2026-03-16,23086.43,paid
PAY-01233,I-01233,S029,2026-04-01,28575.22,paid
PAY-01234,I-01234,S003,2026-03-16,46100.57,paid
PAY-01235,I-01235,S034,2026-02-22,17407.76,paid
PAY-01236,I-01236,S036,2026-03-24,31666.69,paid
PAY-01237,I-01237,S028,2026-04-21,32096.93,paid
PAY-01238,I-01238,S030,2026-04-03,29956.38,paid
PAY-01239,I-01239,S056,2026-03-05,12051.1,paid
PAY-01240,I-01240,S065,2026-02-25,17665.55,paid
PAY-01241,I-01241,S013,2026-04-19,49496.41,paid
PAY-01242,I-01242,S037,2026-03-05,60478.03,paid
PAY-01243,I-01243,S085,2026-04-09,93570.79,paid
PAY-01244,I-01244,S060,2026-03-04,77020.86,paid
PAY-01245,I-01245,S029,2026-02-16,38673.78,paid
PAY-01246,I-01246,S067,2026-03-26,26220.5,paid
PAY-01247,I-01247,S050,2026-04-19,35086.2,paid
PAY-01248,I-01248,S039,2026-02-09,56454.58,paid
PAY-01249,I-01249,S078,2026-02-03,16768.26,paid
PAY-01250,I-01250,S028,2026-03-15,21576.0,paid
PAY-01251,I-01251,S038,2026-03-13,18396.71,paid
PAY-01252,I-01252,S022,2026-04-04,46805.61,paid
PAY-01253,I-01253,S058,2026-03-03,28319.02,paid
PAY-01254,I-01254,S062,2026-04-18,33938.85,paid
PAY-01255,I-01255,S030,2026-04-16,2313.21,paid
PAY-01256,I-01256,S030,2026-04-28,4357.91,paid
PAY-01257,I-01257,S009,2026-04-12,21905.61,paid
PAY-01258,I-01258,S032,2026-03-20,70988.07,paid
PAY-01259,I-01259,S005,2026-04-19,12190.71,paid
PAY-01260,I-01260,S022,2026-03-17,20536.73,paid
PAY-01261,I-01261,S083,2026-02-06,37428.29,paid
PAY-01262,I-01262,S030,2026-03-23,54553.66,paid
PAY-01263,I-01263,S066,2026-04-28,45884.96,paid
PAY-01264,I-01264,S072,2026-04-17,15181.37,paid
PAY-01265,I-01265,S007,2026-04-04,5635.96,paid
PAY-01266,I-01266,S001,2026-03-18,6092.98,paid
PAY-01267,I-01267,S012,2026-01-15,21313.23,paid
PAY-01268,I-01268,S073,2026-02-25,13517.66,paid
PAY-01269,I-01269,S060,2026-02-12,40428.23,paid
PAY-01270,I-01270,S064,2026-01-23,58600.71,paid
PAY-01271,I-01271,S059,2026-04-11,63441.23,paid
PAY-01272,I-01272,S077,2026-03-30,33117.77,paid
PAY-01273,I-01273,S057,2026-03-27,14541.66,paid
PAY-01274,I-01274,S054,2026-02-06,26791.63,paid
PAY-01275,I-01275,S003,2026-02-21,41803.6,paid
PAY-01276,I-01276,S083,2026-03-15,22346.07,paid
PAY-01277,I-01277,S070,2026-03-15,56319.23,paid
PAY-01278,I-01278,S047,2026-04-27,29871.46,paid
PAY-01279,I-01279,S078,2026-03-06,53807.28,paid
PAY-01280,I-01280,S022,2026-05-03,21052.82,paid
PAY-01281,I-01281,S016,2026-03-03,13988.28,paid
PAY-01282,I-01282,S016,2026-04-24,29412.01,paid
PAY-01283,I-01283,S045,2026-04-24,10865.99,paid
PAY-01284,I-01284,S045,2026-04-18,6277.5,paid
PAY-01285,I-01285,S074,2026-05-02,16002.23,paid
PAY-01286,I-01286,S082,2026-05-06,32974.18,paid
PAY-01287,I-01287,S050,2026-04-01,17536.92,paid
PAY-01288,I-01288,S056,2026-03-25,8298.22,paid
PAY-01289,I-01289,S056,2026-03-27,17065.58,paid
PAY-01290,I-01290,S049,2026-02-23,6245.67,paid
PAY-01291,I-01291,S069,2026-02-22,94315.43,paid
PAY-01292,I-01292,S007,2026-03-27,37796.85,paid
PAY-01293,I-01293,S043,2026-03-27,24910.68,paid
PAY-01294,I-01294,S072,2026-03-01,28109.27,paid
PAY-01295,I-01295,S052,2026-02-15,40906.94,paid
PAY-01296,I-01296,S010,2026-03-11,140046.62,paid
PAY-01297,I-01297,S070,2026-03-31,23965.6,paid
PAY-01298,I-01298,S084,2026-01-26,76504.79,paid
PAY-01299,I-01299,S053,2026-04-13,45565.5,paid
PAY-01300,I-01300,S079,2026-04-15,10713.51,paid
PAY-01301,I-01301,S075,2026-04-01,32101.69,paid
PAY-01302,I-01302,S007,2026-03-06,30731.93,paid
PAY-01303,I-01303,S048,2026-03-07,47053.41,paid
PAY-01304,I-01304,S049,2026-04-22,25229.47,paid
PAY-01305,I-01305,S037,2026-03-07,26217.97,paid
PAY-01306,I-01306,S068,2026-01-22,54371.66,paid
PAY-01307,I-01307,S061,2026-04-09,11688.0,paid
PAY-01308,I-01308,S067,2026-02-16,30967.58,paid
PAY-01309,I-01309,S049,2026-01-21,43964.87,paid
PAY-01310,I-01310,S073,2026-04-19,32485.86,paid
PAY-01311,I-01311,S023,2026-03-14,44591.34,paid
PAY-01312,I-01312,S022,2026-02-15,26771.9,paid
PAY-01313,I-01313,S076,2026-04-02,35836.42,paid
PAY-01314,I-01314,S026,2026-02-09,15849.59,paid
PAY-01315,I-01315,S050,2026-01-23,15315.48,paid
PAY-01316,I-01316,S009,2026-02-04,11925.96,paid
PAY-01317,I-01317,S060,2026-03-02,19407.57,paid
PAY-01318,I-01318,S019,2026-03-19,60836.23,paid
PAY-01319,I-01319,S085,2026-04-23,22892.96,paid
PAY-01320,I-01320,S002,2026-03-23,25775.85,paid
PAY-01321,I-01321,S044,2026-02-21,8690.01,paid
PAY-01322,I-01322,S030,2026-03-30,55721.43,paid
PAY-01323,I-01323,S054,2026-03-16,12324.04,paid
PAY-01324,I-01324,S013,2026-04-16,21638.39,paid
PAY-01325,I-01325,S015,2026-03-24,23369.26,paid
PAY-01326,I-01326,S027,2026-04-19,23872.86,paid
PAY-01327,I-01327,S056,2026-03-05,28309.1,paid
PAY-01328,I-01328,S046,2026-03-04,246633.45,paid
PAY-01329,I-01329,S079,2026-02-08,49809.43,paid
PAY-01330,I-01330,S017,2026-04-18,37461.6,paid
PAY-01331,I-01331,S022,2026-02-09,5407.97,paid
PAY-01332,I-01332,S071,2026-03-01,17719.73,paid
PAY-01333,I-01333,S039,2026-02-11,43632.49,paid
PAY-01334,I-01334,S039,2026-02-12,26453.06,paid
PAY-01335,I-01335,S006,2026-03-06,24106.1,paid
PAY-01336,I-01336,S017,2026-03-03,13927.77,paid
PAY-01337,I-01337,S020,2026-03-28,42130.43,paid
PAY-01338,I-01338,S032,2026-05-26,18004.47,paid
PAY-01339,I-01339,S052,2026-04-20,62601.86,paid
PAY-01340,I-01340,S069,2026-02-13,28963.11,paid
PAY-01341,I-01341,S004,2026-04-21,15962.73,paid
PAY-01342,I-01342,S084,2026-04-15,147475.21,paid
PAY-01343,I-01343,S024,2026-03-02,34147.32,paid
PAY-01344,I-01344,S003,2026-02-16,21085.99,paid
PAY-01345,I-01345,S033,2026-02-25,9982.22,paid
PAY-01346,I-01346,S082,2026-02-28,8594.96,paid
PAY-01347,I-01347,S082,2026-02-28,18696.13,paid
PAY-01348,I-01348,S046,2026-03-13,25702.29,paid
PAY-01349,I-01349,S038,2026-02-11,15789.98,paid
PAY-01350,I-01350,S072,2026-02-10,8906.8,paid
PAY-01351,I-01351,S072,2026-01-30,19178.49,paid
PAY-01352,I-01352,S024,2026-02-14,14087.14,paid
PAY-01353,I-01353,S024,2026-01-27,15437.21,paid
PAY-01354,I-01354,S071,2026-03-08,79323.49,paid
PAY-01355,I-01355,S081,2026-04-05,24789.77,paid
PAY-01356,I-01356,S026,2026-03-20,40111.51,paid
PAY-01357,I-01357,S072,2026-03-31,76030.16,paid
PAY-01358,I-01358,S081,2026-02-16,4968.06,paid
PAY-01359,I-01359,S046,2026-01-25,11393.5,paid
PAY-01360,I-01360,S014,2026-02-20,12960.95,paid
PAY-01361,I-01361,S035,2026-02-14,66323.22,paid
PAY-01362,I-01362,S042,2026-02-28,10775.3,paid
PAY-01363,I-01363,S060,2026-02-13,6604.6,paid
PAY-01364,I-01364,S040,2026-03-21,52153.58,paid
PAY-01365,I-01365,S040,2026-02-02,17372.6,paid
PAY-01366,I-01366,S034,2026-02-17,19349.88,paid
PAY-01367,I-01367,S052,2026-04-10,14557.15,paid
PAY-01368,I-01368,S085,2026-04-20,12215.29,paid
PAY-01369,I-01369,S047,2026-04-11,32966.58,paid
PAY-01370,I-01370,S042,2026-03-26,52462.4,paid
PAY-01371,I-01371,S001,2026-02-06,56562.59,paid
PAY-01372,I-01372,S058,2026-03-15,7390.67,paid
PAY-01373,I-01373,S020,2026-02-24,33367.6,paid
PAY-01374,I-01374,S057,2026-03-11,62995.27,paid
PAY-01375,I-01375,S079,2026-01-27,19116.09,paid
PAY-01376,I-01376,S012,2026-03-12,31574.06,paid
PAY-01377,I-01377,S072,2026-03-20,7268.09,paid
PAY-01378,I-01378,S072,2026-04-03,11139.45,paid
PAY-01379,I-01379,S013,2026-03-07,17260.1,paid
PAY-01380,I-01380,S044,2026-03-12,7070.59,paid
PAY-01381,I-01381,S008,2026-05-04,102243.76,paid
PAY-01382,I-01382,S036,2026-03-17,18226.23,paid
PAY-01383,I-01383,S026,2026-03-15,58716.33,paid
PAY-01384,I-01384,S028,2026-02-07,6983.42,paid
PAY-01385,I-01385,S065,2026-02-20,36047.64,paid
PAY-01386,I-01386,S025,2026-02-24,20854.84,paid
PAY-01387,I-01387,S008,2026-03-10,9053.04,paid
PAY-01388,I-01388,S072,2026-03-09,45575.84,paid
PAY-01389,I-01389,S043,2026-03-30,16089.22,paid
PAY-01390,I-01390,S041,2026-02-01,13763.14,paid
PAY-01391,I-01391,S012,2026-03-04,21655.22,paid
PAY-01392,I-01392,S050,2026-03-18,18486.52,paid
PAY-01393,I-01393,S082,2026-04-07,21533.79,paid
PAY-01394,I-01394,S054,2026-03-04,40699.4,paid
PAY-01395,I-01395,S024,2026-05-10,23509.31,paid
PAY-01396,I-01396,S018,2026-02-10,11357.07,paid
PAY-01397,I-01397,S061,2026-03-26,76224.12,paid
PAY-01398,I-01398,S053,2026-04-30,87049.7,paid
PAY-01399,I-01399,S012,2026-04-02,14371.2,paid
PAY-01400,I-01400,S035,2026-03-31,4459.44,paid
PAY-01401,I-01401,S079,2026-04-27,35113.53,paid
PAY-01402,I-01402,S080,2026-04-25,17892.88,paid
PAY-01403,I-01403,S075,2026-03-17,28270.75,paid
PAY-01404,I-01404,S067,2026-01-14,16818.61,paid
PAY-01405,I-01405,S009,2026-04-02,71850.72,paid
PAY-01406,I-01406,S078,2026-04-18,15534.45,paid
PAY-01407,I-01407,S040,2026-02-13,39710.94,paid
PAY-01408,I-01408,S085,2026-04-01,41054.01,paid
PAY-01409,I-01409,S001,2026-03-07,76474.95,paid
PAY-01410,I-01410,S014,2026-03-26,11425.95,paid
PAY-01411,I-01411,S014,2026-03-18,12282.81,paid
PAY-01412,I-01412,S024,2026-03-03,17139.02,paid
PAY-01413,I-01413,S006,2026-02-05,19565.45,paid
PAY-01414,I-01414,S039,2026-03-20,61080.61,paid
PAY-01415,I-01415,S011,2026-04-16,70905.19,paid
PAY-01416,I-01416,S055,2026-03-30,96324.25,paid
PAY-01417,I-01417,S016,2026-03-20,6308.41,paid
PAY-01418,I-01418,S016,2026-03-13,13857.45,paid
PAY-01419,I-01419,S003,2026-03-26,27105.21,paid
PAY-01420,I-01420,S002,2026-04-20,36817.81,paid
PAY-01421,I-01421,S024,2026-03-07,29045.08,paid
PAY-01422,I-01422,S067,2026-03-29,76428.38,paid
PAY-01423,I-01423,S066,2026-05-06,69372.87,paid
PAY-01424,I-01424,S004,2026-03-08,51787.67,paid
PAY-01425,I-01425,S061,2026-03-13,24016.02,paid
PAY-01426,I-01426,S071,2026-02-11,22198.17,paid
PAY-01427,I-01427,S044,2026-03-07,24595.01,paid
PAY-01428,I-01428,S072,2026-05-06,35737.66,paid
PAY-01429,I-01429,S077,2026-02-22,93934.56,paid
PAY-01430,I-01430,S054,2026-02-26,47886.32,paid
PAY-01431,I-01431,S031,2026-04-02,13506.41,paid
PAY-01432,I-01432,S029,2026-03-02,16058.22,paid
PAY-01433,I-01433,S055,2026-05-09,6712.87,paid
PAY-01434,I-01434,S055,2026-04-25,15046.42,paid
PAY-01435,I-01435,S060,2026-01-30,70122.8,paid
PAY-01436,I-01436,S020,2026-03-05,46564.91,paid
PAY-01437,I-01437,S046,2026-04-15,55464.19,paid
PAY-01438,I-01438,S065,2026-04-02,19664.39,paid
PAY-01439,I-01439,S036,2026-03-30,10280.32,paid
PAY-01440,I-01440,S067,2026-02-13,22797.62,paid
PAY-01441,I-01441,S048,2026-01-28,40713.84,paid
PAY-01442,I-01442,S037,2026-02-19,66914.13,paid
PAY-01443,I-01443,S035,2026-03-22,39674.5,paid
PAY-01444,I-01444,S070,2026-04-09,49660.97,paid
PAY-01445,I-01445,S082,2026-03-24,20218.63,paid
PAY-01446,I-01446,S077,2026-02-11,21600.06,paid
PAY-01447,I-01447,S082,2026-03-13,29042.84,paid
PAY-01448,I-01448,S069,2026-04-12,20081.47,paid
PAY-01449,I-01449,S036,2026-04-12,34706.94,paid
PAY-01450,I-01450,S031,2026-05-06,33627.62,paid
PAY-01451,I-01451,S040,2026-03-15,12281.79,paid
PAY-01452,I-01452,S007,2026-02-02,41874.92,paid
PAY-01453,I-01453,S007,2026-02-07,36361.09,paid
PAY-01454,I-01454,S017,2026-04-26,14095.54,paid
PAY-01455,I-01455,S027,2026-03-02,54655.89,paid
PAY-01456,I-01456,S056,2026-04-20,17226.16,paid
PAY-01457,I-01457,S002,2026-04-01,29296.69,paid
PAY-01458,I-01458,S006,2026-03-09,25235.57,paid
PAY-01459,I-01459,S001,2026-04-22,2128.6,paid
PAY-01460,I-01460,S001,2026-04-12,4880.71,paid
PAY-01461,I-01461,S028,2026-04-02,33800.39,paid
PAY-01462,I-01462,S038,2026-03-07,11598.31,paid
PAY-01463,I-01463,S062,2026-03-16,4151.43,paid
PAY-01464,I-01464,S056,2026-03-08,64798.22,paid
PAY-01465,I-01465,S049,2026-02-18,9221.51,paid
PAY-01466,I-01466,S049,2026-02-27,6969.93,paid
PAY-01467,I-01467,S022,2026-03-21,6855.04,paid
PAY-01468,I-01468,S004,2026-03-31,187326.61,paid
PAY-01469,I-01469,S019,2026-03-06,25750.41,paid
PAY-01470,I-01470,S019,2026-03-24,28927.44,paid
PAY-01471,I-01471,S024,2026-04-24,20650.7,paid
PAY-01472,I-01472,S001,2026-02-26,15253.08,paid
PAY-01473,I-01473,S065,2026-05-02,38571.7,paid
PAY-01474,I-01474,S001,2026-02-25,5071.45,paid
PAY-01475,I-01475,S029,2026-04-14,12617.94,paid
PAY-01476,I-01476,S022,2026-04-11,18107.93,paid
PAY-01477,I-01477,S079,2026-02-25,32012.58,paid
PAY-01478,I-01478,S033,2026-03-11,61880.62,paid
PAY-01479,I-01479,S074,2026-03-11,33663.06,paid
PAY-01480,I-01480,S074,2026-04-01,34343.0,paid
PAY-01481,I-01481,S011,2026-02-12,14464.5,paid
PAY-01482,I-01482,S045,2026-04-07,20184.39,paid
PAY-01483,I-01483,S015,2026-03-03,78259.13,paid
PAY-01484,I-01484,S037,2026-04-05,35322.5,paid
PAY-01485,I-01485,S050,2026-05-16,19921.37,paid
PAY-01486,I-01486,S023,2026-04-06,36940.6,paid
PAY-01487,I-01487,S073,2026-03-10,17702.71,paid
PAY-01488,I-01488,S033,2026-01-29,31535.68,paid
PAY-01489,I-01489,S042,2026-03-30,17138.85,paid
PAY-01490,I-01490,S033,2026-03-09,111929.61,paid
PAY-01491,I-01491,S049,2026-04-28,11095.83,paid
PAY-01492,I-01492,S081,2026-04-15,25265.97,paid
PAY-01493,I-01493,S034,2026-03-13,31509.38,paid
PAY-01494,I-01494,S007,2026-03-22,75353.78,paid
PAY-01495,I-01495,S078,2026-02-15,10779.55,paid
PAY-01496,I-01496,S001,2026-04-25,17830.71,paid
PAY-01497,I-01497,S009,2026-03-10,27732.67,paid
PAY-01498,I-01498,S014,2026-03-23,57832.41,paid
PAY-01499,I-01499,S025,2026-03-27,183061.22,paid
PAY-01500,I-01500,S014,2026-02-18,17283.78,paid
PAY-01501,I-01501,S075,2026-02-08,23008.07,paid
PAY-01502,I-01502,S067,2026-03-13,133491.19,paid
PAY-01503,I-01503,S071,2026-04-06,29646.23,paid
PAY-01504,I-01504,S037,2026-02-19,13023.21,paid
PAY-01505,I-01505,S056,2026-01-23,41369.82,paid
PAY-01506,I-01506,S038,2026-02-28,29430.91,paid
PAY-01507,I-01507,S030,2026-03-29,14678.08,paid
PAY-01508,I-01508,S053,2026-04-25,46970.94,paid
PAY-01509,I-01509,S009,2026-02-26,27893.32,paid
PAY-01510,I-01510,S009,2026-02-10,15156.35,paid
PAY-01511,I-01511,S046,2026-03-21,19780.2,paid
PAY-01512,I-01512,S038,2026-02-11,66679.36,paid
PAY-01513,I-01513,S083,2026-04-12,5012.77,paid
PAY-01514,I-01514,S083,2026-05-11,4165.02,paid
PAY-01515,I-01515,S074,2026-02-15,24434.07,paid
PAY-01516,I-01516,S077,2026-03-31,28306.13,paid
PAY-01517,I-01517,S074,2026-03-28,81022.26,paid
PAY-01518,I-01518,S016,2026-03-08,15736.34,paid
PAY-01519,I-01519,S019,2026-01-31,40494.46,paid
PAY-01520,I-01520,S049,2026-04-18,41805.68,paid
PAY-01521,I-01521,S084,2026-04-19,52282.0,paid
PAY-01522,I-01522,S008,2026-03-14,44444.24,paid
PAY-01523,I-01523,S042,2026-03-17,14488.31,paid
PAY-01524,I-01524,S042,2026-03-22,25392.96,paid
PAY-01525,I-01525,S076,2026-03-29,20566.36,paid
PAY-01526,I-01526,S022,2026-04-25,45115.76,paid
PAY-01527,I-01527,S015,2026-02-16,49217.66,paid
PAY-01528,I-01528,S027,2026-02-27,72879.58,paid
PAY-01529,I-01529,S032,2026-03-07,12313.72,paid
PAY-01530,I-01530,S001,2026-03-07,16851.53,paid
PAY-01531,I-01531,S054,2026-04-22,33995.24,paid
PAY-01532,I-01532,S019,2026-05-13,36450.92,paid
PAY-01533,I-01533,S042,2026-02-01,14550.78,paid
PAY-01534,I-01534,S042,2026-02-09,23747.98,paid
PAY-01535,I-01535,S071,2026-04-17,14870.47,paid
PAY-01536,I-01536,S065,2026-02-04,14731.96,paid
PAY-01537,I-01537,S007,2026-03-25,26867.25,paid
PAY-01538,I-01538,S015,2026-03-25,109645.58,paid
PAY-01539,I-01539,S022,2026-02-11,16427.1,paid
PAY-01540,I-01540,S010,2026-05-01,8893.95,paid
PAY-01541,I-01541,S028,2026-04-07,26363.58,paid
PAY-01542,I-01542,S043,2026-05-03,30272.84,paid
PAY-01543,I-01543,S052,2026-04-08,28314.37,paid
PAY-01544,I-01544,S052,2026-04-20,14041.82,paid
PAY-01545,I-01545,S075,2026-04-25,4603.03,paid
PAY-01546,I-01546,S002,2026-04-26,5385.65,paid
PAY-01547,I-01547,S067,2026-03-05,59990.44,paid
PAY-01548,I-01548,S047,2026-02-16,11822.86,paid
PAY-01549,I-01549,S069,2026-01-29,58607.17,paid
PAY-01550,I-01550,S008,2026-04-19,22721.52,paid
PAY-01551,I-01551,S017,2026-02-24,27909.77,paid
PAY-01552,I-01552,S021,2026-03-21,13528.42,paid
PAY-01553,I-01553,S019,2026-03-29,27973.81,paid
PAY-01554,I-01554,S046,2026-02-09,5608.42,paid
PAY-01555,I-01555,S012,2026-03-30,10524.88,paid
PAY-01556,I-01556,S012,2026-03-01,11165.71,paid
PAY-01557,I-01557,S038,2026-04-04,31386.77,paid
PAY-01558,I-01558,S035,2026-01-30,38305.41,paid
PAY-01559,I-01559,S007,2026-02-25,18236.94,paid
PAY-01560,I-01560,S016,2026-03-11,43062.04,paid
PAY-01561,I-01561,S041,2026-03-24,100290.24,paid
PAY-01562,I-01562,S010,2026-04-20,34601.78,paid
PAY-01563,I-01563,S024,2026-05-03,15306.83,paid
PAY-01564,I-01564,S076,2026-03-30,29799.67,paid
PAY-01565,I-01565,S016,2026-02-22,11134.3,paid
PAY-01566,I-01566,S016,2026-03-12,5280.31,paid
PAY-01567,I-01567,S019,2026-04-26,85463.31,paid
PAY-01568,I-01568,S039,2026-04-15,207343.16,paid
PAY-01569,I-01569,S050,2026-03-06,203847.59,paid
PAY-01570,I-01570,S081,2026-02-06,160773.78,paid
PAY-01571,I-01571,S083,2026-04-25,134423.57,paid
PAY-01572,I-01572,S062,2026-04-17,139256.86,paid
PAY-01573,I-01573,S075,2026-03-27,162552.01,paid
PAY-01574,I-01574,S082,2026-03-29,121050.22,paid
PAY-01575,I-01575,S054,2026-03-14,29865.29,paid
PAY-01576,I-01576,S041,2026-04-12,65573.62,paid
PAY-01577,I-01577,S009,2026-02-24,175781.59,paid
PAY-01578,I-01578,S045,2026-02-20,75726.37,paid
PAY-01579,I-01579,S060,2026-02-21,36174.36,paid
PAY-01580,I-01580,S021,2026-03-11,126599.16,paid
PAY-01581,I-01581,S011,2026-02-16,192707.76,paid
PAY-01582,I-01582,S029,2026-03-29,135541.27,paid
PAY-01583,I-01583,S055,2026-03-04,67452.02,paid
PAY-01584,I-01584,S001,2026-04-05,100079.81,paid
PAY-01585,I-01585,S078,2026-03-18,85303.73,paid
PAY-01586,I-01586,S042,2026-03-08,183499.25,paid
PAY-01587,I-01587,S029,2026-02-16,211598.44,paid
PAY-01588,I-01588,S058,2026-02-25,212928.28,paid
PAY-01589,I-01589,S051,2026-03-11,139149.52,paid
PAY-01590,I-01590,S026,2026-04-01,44662.91,paid
PAY-01591,I-01591,S067,2026-02-19,46418.77,paid
PAY-01592,I-01592,S053,2026-03-31,136440.84,paid
PAY-01593,I-01593,S024,2026-02-16,205373.13,paid
PAY-01594,I-01594,S060,2026-03-15,52249.1,paid
PAY-01595,I-01595,S022,2026-04-19,142878.07,paid
PAY-01596,I-01596,S059,2026-02-23,197836.86,paid
PAY-01597,I-01597,S045,2026-03-04,186021.73,paid
PAY-01598,I-01598,S074,2026-03-06,111422.06,paid
PAY-01599,I-01599,S054,2026-03-05,145723.29,paid
PAY-01600,I-01600,S065,2026-02-08,53492.51,paid
PAY-01601,I-01601,S063,2026-02-03,72924.71,paid
PAY-01602,I-01602,S010,2026-02-01,195827.33,paid
PAY-01603,I-01603,S017,2026-02-16,80481.28,paid
PAY-01604,I-01604,S022,2026-03-13,71534.68,paid
PAY-01605,I-01605,S056,2026-02-28,127047.6,paid
PAY-01606,I-01606,S011,2026-01-31,49437.0,paid
PAY-01607,I-01607,S011,2026-01-30,49198.0,paid
PAY-01608,I-01608,S011,2026-02-01,47891.0,paid
PAY-01609,I-01609,S012,2026-02-13,48787.0,paid
PAY-01610,I-01610,S012,2026-02-13,49598.0,paid
PAY-01611,I-01611,S012,2026-02-12,48465.0,paid
PAY-01612,I-01612,S013,2026-02-25,49130.0,paid
PAY-01613,I-01613,S013,2026-02-26,49135.0,paid
PAY-01614,I-01614,S013,2026-02-27,47596.0,paid
PAY-01615,I-01615,S014,2026-03-10,48916.0,paid
PAY-01616,I-01616,S014,2026-03-10,49173.0,paid
PAY-01617,I-01617,S014,2026-03-10,48379.0,paid
PAY-01618,I-01618,S015,2026-03-25,49036.0,paid
PAY-01619,I-01619,S015,2026-03-25,48942.0,paid
PAY-01620,I-01620,S015,2026-03-25,46974.0,paid
PAY-01621,I-01621,S004,2026-03-24,37813.64,paid
PAY-01622,I-01622,S004,2026-03-26,37813.64,paid
PAY-01623,I-01623,S006,2026-03-14,51405.11,paid
PAY-01624,I-01624,S006,2026-03-16,51405.11,paid
PAY-01625,I-01625,S008,2026-02-23,15616.84,paid
PAY-01626,I-01626,S008,2026-02-25,15616.84,paid
PAY-01627,I-01627,S020,2026-02-19,49617.9,paid
PAY-01628,I-01628,S020,2026-02-21,49617.9,paid
PAY-01629,I-01629,S021,2026-02-13,12214.36,paid
PAY-01630,I-01630,S021,2026-02-15,12214.36,paid
PAY-01631,I-01631,S022,2026-02-22,54181.81,paid
PAY-01632,I-01632,S022,2026-02-24,54181.81,paid
PAY-01633,I-01633,S023,2026-03-20,43852.96,paid
PAY-01634,I-01634,S023,2026-03-22,43852.96,paid
PAY-01635,I-01635,S024,2026-03-10,27557.29,paid
PAY-01636,I-01636,S024,2026-03-12,27557.29,paid
PAY-01637,I-01637,S030,2026-01-27,67618.54,paid
PAY-01638,I-01638,S030,2026-01-28,67618.54,paid
PAY-01639,I-01639,S031,2026-03-01,38341.25,paid
PAY-01640,I-01640,S031,2026-03-02,38341.25,paid
PAY-01641,I-01641,S032,2026-03-12,12824.9,paid
PAY-01642,I-01642,S032,2026-03-13,12824.9,paid
PAY-01643,I-01643,S033,2026-02-25,35726.25,paid
PAY-01644,I-01644,S033,2026-02-26,35726.25,paid
